order_item_id,order_id,product_id,quantity,total_sales
18751,ORD0001,1,3,180.0
18752,ORD0001,11,3,180.0
18753,ORD0001,21,3,180.0
18754,ORD0001,31,3,180.0
18755,ORD0001,41,3,180.0
18756,ORD0001,51,3,180.0
18757,ORD0001,61,3,180.0
18758,ORD0001,71,3,180.0
18759,ORD0001,81,3,180.0
18760,ORD0001,91,3,180.0
18761,ORD0001,101,3,180.0
18762,ORD0001,111,3,180.0
18763,ORD0001,121,3,180.0
18764,ORD0001,131,3,180.0
18765,ORD0001,141,3,180.0
18766,ORD0001,151,3,180.0
18767,ORD0002,2,4,400.0
18768,ORD0002,12,4,400.0
18769,ORD0002,22,4,400.0
18770,ORD0002,32,4,400.0
18771,ORD0002,42,4,400.0
18772,ORD0002,52,4,400.0
18773,ORD0002,62,4,400.0
18774,ORD0002,72,4,400.0
18775,ORD0002,82,4,400.0
18776,ORD0002,92,4,400.0
18777,ORD0002,102,4,400.0
18778,ORD0002,112,4,400.0
18779,ORD0002,122,4,400.0
18780,ORD0002,132,4,400.0
18781,ORD0002,142,4,400.0
18782,ORD0002,152,4,400.0
18783,ORD0003,1,2,120.0
18784,ORD0003,11,2,120.0
18785,ORD0003,21,2,120.0
18786,ORD0003,31,2,120.0
18787,ORD0003,41,2,120.0
18788,ORD0003,51,2,120.0
18789,ORD0003,61,2,120.0
18790,ORD0003,71,2,120.0
18791,ORD0003,81,2,120.0
18792,ORD0003,91,2,120.0
18793,ORD0003,101,2,120.0
18794,ORD0003,111,2,120.0
18795,ORD0003,121,2,120.0
18796,ORD0003,131,2,120.0
18797,ORD0003,141,2,120.0
18798,ORD0003,151,2,120.0
18799,ORD0004,1,3,180.0
18800,ORD0004,11,3,180.0
18801,ORD0004,21,3,180.0
18802,ORD0004,31,3,180.0
18803,ORD0004,41,3,180.0
18804,ORD0004,51,3,180.0
18805,ORD0004,61,3,180.0
18806,ORD0004,71,3,180.0
18807,ORD0004,81,3,180.0
18808,ORD0004,91,3,180.0
18809,ORD0004,101,3,180.0
18810,ORD0004,111,3,180.0
18811,ORD0004,121,3,180.0
18812,ORD0004,131,3,180.0
18813,ORD0004,141,3,180.0
18814,ORD0004,151,3,180.0
18815,ORD0005,3,3,450.0
18816,ORD0005,13,3,450.0
18817,ORD0005,23,3,450.0
18818,ORD0005,33,3,450.0
18819,ORD0005,43,3,450.0
18820,ORD0005,53,3,450.0
18821,ORD0005,63,3,450.0
18822,ORD0005,73,3,450.0
18823,ORD0005,83,3,450.0
18824,ORD0005,93,3,450.0
18825,ORD0005,103,3,450.0
18826,ORD0005,113,3,450.0
18827,ORD0005,123,3,450.0
18828,ORD0005,133,3,450.0
18829,ORD0005,143,3,450.0
18830,ORD0005,153,3,450.0
18831,ORD0006,4,1,20.0
18832,ORD0006,14,1,20.0
18833,ORD0006,24,1,20.0
18834,ORD0006,34,1,20.0
18835,ORD0006,44,1,20.0
18836,ORD0006,54,1,20.0
18837,ORD0006,64,1,20.0
18838,ORD0006,74,1,20.0
18839,ORD0006,84,1,20.0
18840,ORD0006,94,1,20.0
18841,ORD0006,104,1,20.0
18842,ORD0006,114,1,20.0
18843,ORD0006,124,1,20.0
18844,ORD0006,134,1,20.0
18845,ORD0006,144,1,20.0
18846,ORD0006,154,1,20.0
18847,ORD0007,3,4,600.0
18848,ORD0007,13,4,600.0
18849,ORD0007,23,4,600.0
18850,ORD0007,33,4,600.0
18851,ORD0007,43,4,600.0
18852,ORD0007,53,4,600.0
18853,ORD0007,63,4,600.0
18854,ORD0007,73,4,600.0
18855,ORD0007,83,4,600.0
18856,ORD0007,93,4,600.0
18857,ORD0007,103,4,600.0
18858,ORD0007,113,4,600.0
18859,ORD0007,123,4,600.0
18860,ORD0007,133,4,600.0
18861,ORD0007,143,4,600.0
18862,ORD0007,153,4,600.0
18863,ORD0008,5,1,500.0
18864,ORD0008,15,1,500.0
18865,ORD0008,25,1,500.0
18866,ORD0008,35,1,500.0
18867,ORD0008,45,1,500.0
18868,ORD0008,55,1,500.0
18869,ORD0008,65,1,500.0
18870,ORD0008,75,1,500.0
18871,ORD0008,85,1,500.0
18872,ORD0008,95,1,500.0
18873,ORD0008,105,1,500.0
18874,ORD0008,115,1,500.0
18875,ORD0008,125,1,500.0
18876,ORD0008,135,1,500.0
18877,ORD0008,145,1,500.0
18878,ORD0008,155,1,500.0
18879,ORD0009,4,3,60.0
18880,ORD0009,14,3,60.0
18881,ORD0009,24,3,60.0
18882,ORD0009,34,3,60.0
18883,ORD0009,44,3,60.0
18884,ORD0009,54,3,60.0
18885,ORD0009,64,3,60.0
18886,ORD0009,74,3,60.0
18887,ORD0009,84,3,60.0
18888,ORD0009,94,3,60.0
18889,ORD0009,104,3,60.0
18890,ORD0009,114,3,60.0
18891,ORD0009,124,3,60.0
18892,ORD0009,134,3,60.0
18893,ORD0009,144,3,60.0
18894,ORD0009,154,3,60.0
18895,ORD0010,5,1,500.0
18896,ORD0010,15,1,500.0
18897,ORD0010,25,1,500.0
18898,ORD0010,35,1,500.0
18899,ORD0010,45,1,500.0
18900,ORD0010,55,1,500.0
18901,ORD0010,65,1,500.0
18902,ORD0010,75,1,500.0
18903,ORD0010,85,1,500.0
18904,ORD0010,95,1,500.0
18905,ORD0010,105,1,500.0
18906,ORD0010,115,1,500.0
18907,ORD0010,125,1,500.0
18908,ORD0010,135,1,500.0
18909,ORD0010,145,1,500.0
18910,ORD0010,155,1,500.0
18911,ORD0011,6,2,30.0
18912,ORD0011,16,2,30.0
18913,ORD0011,26,2,30.0
18914,ORD0011,36,2,30.0
18915,ORD0011,46,2,30.0
18916,ORD0011,56,2,30.0
18917,ORD0011,66,2,30.0
18918,ORD0011,76,2,30.0
18919,ORD0011,86,2,30.0
18920,ORD0011,96,2,30.0
18921,ORD0011,106,2,30.0
18922,ORD0011,116,2,30.0
18923,ORD0011,126,2,30.0
18924,ORD0011,136,2,30.0
18925,ORD0011,146,2,30.0
18926,ORD0011,156,2,30.0
18927,ORD0012,7,4,160.0
18928,ORD0012,17,4,160.0
18929,ORD0012,27,4,160.0
18930,ORD0012,37,4,160.0
18931,ORD0012,47,4,160.0
18932,ORD0012,57,4,160.0
18933,ORD0012,67,4,160.0
18934,ORD0012,77,4,160.0
18935,ORD0012,87,4,160.0
18936,ORD0012,97,4,160.0
18937,ORD0012,107,4,160.0
18938,ORD0012,117,4,160.0
18939,ORD0012,127,4,160.0
18940,ORD0012,137,4,160.0
18941,ORD0012,147,4,160.0
18942,ORD0012,157,4,160.0
18943,ORD0013,8,2,1600.0
18944,ORD0013,18,2,1600.0
18945,ORD0013,28,2,1600.0
18946,ORD0013,38,2,1600.0
18947,ORD0013,48,2,1600.0
18948,ORD0013,58,2,1600.0
18949,ORD0013,68,2,1600.0
18950,ORD0013,78,2,1600.0
18951,ORD0013,88,2,1600.0
18952,ORD0013,98,2,1600.0
18953,ORD0013,108,2,1600.0
18954,ORD0013,118,2,1600.0
18955,ORD0013,128,2,1600.0
18956,ORD0013,138,2,1600.0
18957,ORD0013,148,2,1600.0
18958,ORD0013,158,2,1600.0
18959,ORD0014,9,3,1800.0
18960,ORD0014,19,3,1800.0
18961,ORD0014,29,3,1800.0
18962,ORD0014,39,3,1800.0
18963,ORD0014,49,3,1800.0
18964,ORD0014,59,3,1800.0
18965,ORD0014,69,3,1800.0
18966,ORD0014,79,3,1800.0
18967,ORD0014,89,3,1800.0
18968,ORD0014,99,3,1800.0
18969,ORD0014,109,3,1800.0
18970,ORD0014,119,3,1800.0
18971,ORD0014,129,3,1800.0
18972,ORD0014,139,3,1800.0
18973,ORD0014,149,3,1800.0
18974,ORD0014,159,3,1800.0
18975,ORD0015,3,4,600.0
18976,ORD0015,13,4,600.0
18977,ORD0015,23,4,600.0
18978,ORD0015,33,4,600.0
18979,ORD0015,43,4,600.0
18980,ORD0015,53,4,600.0
18981,ORD0015,63,4,600.0
18982,ORD0015,73,4,600.0
18983,ORD0015,83,4,600.0
18984,ORD0015,93,4,600.0
18985,ORD0015,103,4,600.0
18986,ORD0015,113,4,600.0
18987,ORD0015,123,4,600.0
18988,ORD0015,133,4,600.0
18989,ORD0015,143,4,600.0
18990,ORD0015,153,4,600.0
18991,ORD0016,10,1,1200.0
18992,ORD0016,20,1,1200.0
18993,ORD0016,30,1,1200.0
18994,ORD0016,40,1,1200.0
18995,ORD0016,50,1,1200.0
18996,ORD0016,60,1,1200.0
18997,ORD0016,70,1,1200.0
18998,ORD0016,80,1,1200.0
18999,ORD0016,90,1,1200.0
19000,ORD0016,100,1,1200.0
19001,ORD0016,110,1,1200.0
19002,ORD0016,120,1,1200.0
19003,ORD0016,130,1,1200.0
19004,ORD0016,140,1,1200.0
19005,ORD0016,150,1,1200.0
19006,ORD0016,160,1,1200.0
19007,ORD0017,4,1,20.0
19008,ORD0017,14,1,20.0
19009,ORD0017,24,1,20.0
19010,ORD0017,34,1,20.0
19011,ORD0017,44,1,20.0
19012,ORD0017,54,1,20.0
19013,ORD0017,64,1,20.0
19014,ORD0017,74,1,20.0
19015,ORD0017,84,1,20.0
19016,ORD0017,94,1,20.0
19017,ORD0017,104,1,20.0
19018,ORD0017,114,1,20.0
19019,ORD0017,124,1,20.0
19020,ORD0017,134,1,20.0
19021,ORD0017,144,1,20.0
19022,ORD0017,154,1,20.0
19023,ORD0018,5,2,1000.0
19024,ORD0018,15,2,1000.0
19025,ORD0018,25,2,1000.0
19026,ORD0018,35,2,1000.0
19027,ORD0018,45,2,1000.0
19028,ORD0018,55,2,1000.0
19029,ORD0018,65,2,1000.0
19030,ORD0018,75,2,1000.0
19031,ORD0018,85,2,1000.0
19032,ORD0018,95,2,1000.0
19033,ORD0018,105,2,1000.0
19034,ORD0018,115,2,1000.0
19035,ORD0018,125,2,1000.0
19036,ORD0018,135,2,1000.0
19037,ORD0018,145,2,1000.0
19038,ORD0018,155,2,1000.0
19039,ORD0019,1,3,180.0
19040,ORD0019,11,3,180.0
19041,ORD0019,21,3,180.0
19042,ORD0019,31,3,180.0
19043,ORD0019,41,3,180.0
19044,ORD0019,51,3,180.0
19045,ORD0019,61,3,180.0
19046,ORD0019,71,3,180.0
19047,ORD0019,81,3,180.0
19048,ORD0019,91,3,180.0
19049,ORD0019,101,3,180.0
19050,ORD0019,111,3,180.0
19051,ORD0019,121,3,180.0
19052,ORD0019,131,3,180.0
19053,ORD0019,141,3,180.0
19054,ORD0019,151,3,180.0
19055,ORD0020,2,4,400.0
19056,ORD0020,12,4,400.0
19057,ORD0020,22,4,400.0
19058,ORD0020,32,4,400.0
19059,ORD0020,42,4,400.0
19060,ORD0020,52,4,400.0
19061,ORD0020,62,4,400.0
19062,ORD0020,72,4,400.0
19063,ORD0020,82,4,400.0
19064,ORD0020,92,4,400.0
19065,ORD0020,102,4,400.0
19066,ORD0020,112,4,400.0
19067,ORD0020,122,4,400.0
19068,ORD0020,132,4,400.0
19069,ORD0020,142,4,400.0
19070,ORD0020,152,4,400.0
19071,ORD0021,2,3,300.0
19072,ORD0021,12,3,300.0
19073,ORD0021,22,3,300.0
19074,ORD0021,32,3,300.0
19075,ORD0021,42,3,300.0
19076,ORD0021,52,3,300.0
19077,ORD0021,62,3,300.0
19078,ORD0021,72,3,300.0
19079,ORD0021,82,3,300.0
19080,ORD0021,92,3,300.0
19081,ORD0021,102,3,300.0
19082,ORD0021,112,3,300.0
19083,ORD0021,122,3,300.0
19084,ORD0021,132,3,300.0
19085,ORD0021,142,3,300.0
19086,ORD0021,152,3,300.0
19087,ORD0022,10,4,4800.0
19088,ORD0022,20,4,4800.0
19089,ORD0022,30,4,4800.0
19090,ORD0022,40,4,4800.0
19091,ORD0022,50,4,4800.0
19092,ORD0022,60,4,4800.0
19093,ORD0022,70,4,4800.0
19094,ORD0022,80,4,4800.0
19095,ORD0022,90,4,4800.0
19096,ORD0022,100,4,4800.0
19097,ORD0022,110,4,4800.0
19098,ORD0022,120,4,4800.0
19099,ORD0022,130,4,4800.0
19100,ORD0022,140,4,4800.0
19101,ORD0022,150,4,4800.0
19102,ORD0022,160,4,4800.0
19103,ORD0023,6,1,15.0
19104,ORD0023,16,1,15.0
19105,ORD0023,26,1,15.0
19106,ORD0023,36,1,15.0
19107,ORD0023,46,1,15.0
19108,ORD0023,56,1,15.0
19109,ORD0023,66,1,15.0
19110,ORD0023,76,1,15.0
19111,ORD0023,86,1,15.0
19112,ORD0023,96,1,15.0
19113,ORD0023,106,1,15.0
19114,ORD0023,116,1,15.0
19115,ORD0023,126,1,15.0
19116,ORD0023,136,1,15.0
19117,ORD0023,146,1,15.0
19118,ORD0023,156,1,15.0
19119,ORD0024,10,3,3600.0
19120,ORD0024,20,3,3600.0
19121,ORD0024,30,3,3600.0
19122,ORD0024,40,3,3600.0
19123,ORD0024,50,3,3600.0
19124,ORD0024,60,3,3600.0
19125,ORD0024,70,3,3600.0
19126,ORD0024,80,3,3600.0
19127,ORD0024,90,3,3600.0
19128,ORD0024,100,3,3600.0
19129,ORD0024,110,3,3600.0
19130,ORD0024,120,3,3600.0
19131,ORD0024,130,3,3600.0
19132,ORD0024,140,3,3600.0
19133,ORD0024,150,3,3600.0
19134,ORD0024,160,3,3600.0
19135,ORD0025,6,5,75.0
19136,ORD0025,16,5,75.0
19137,ORD0025,26,5,75.0
19138,ORD0025,36,5,75.0
19139,ORD0025,46,5,75.0
19140,ORD0025,56,5,75.0
19141,ORD0025,66,5,75.0
19142,ORD0025,76,5,75.0
19143,ORD0025,86,5,75.0
19144,ORD0025,96,5,75.0
19145,ORD0025,106,5,75.0
19146,ORD0025,116,5,75.0
19147,ORD0025,126,5,75.0
19148,ORD0025,136,5,75.0
19149,ORD0025,146,5,75.0
19150,ORD0025,156,5,75.0
19151,ORD0026,9,1,600.0
19152,ORD0026,19,1,600.0
19153,ORD0026,29,1,600.0
19154,ORD0026,39,1,600.0
19155,ORD0026,49,1,600.0
19156,ORD0026,59,1,600.0
19157,ORD0026,69,1,600.0
19158,ORD0026,79,1,600.0
19159,ORD0026,89,1,600.0
19160,ORD0026,99,1,600.0
19161,ORD0026,109,1,600.0
19162,ORD0026,119,1,600.0
19163,ORD0026,129,1,600.0
19164,ORD0026,139,1,600.0
19165,ORD0026,149,1,600.0
19166,ORD0026,159,1,600.0
19167,ORD0027,4,1,20.0
19168,ORD0027,14,1,20.0
19169,ORD0027,24,1,20.0
19170,ORD0027,34,1,20.0
19171,ORD0027,44,1,20.0
19172,ORD0027,54,1,20.0
19173,ORD0027,64,1,20.0
19174,ORD0027,74,1,20.0
19175,ORD0027,84,1,20.0
19176,ORD0027,94,1,20.0
19177,ORD0027,104,1,20.0
19178,ORD0027,114,1,20.0
19179,ORD0027,124,1,20.0
19180,ORD0027,134,1,20.0
19181,ORD0027,144,1,20.0
19182,ORD0027,154,1,20.0
19183,ORD0028,2,1,100.0
19184,ORD0028,12,1,100.0
19185,ORD0028,22,1,100.0
19186,ORD0028,32,1,100.0
19187,ORD0028,42,1,100.0
19188,ORD0028,52,1,100.0
19189,ORD0028,62,1,100.0
19190,ORD0028,72,1,100.0
19191,ORD0028,82,1,100.0
19192,ORD0028,92,1,100.0
19193,ORD0028,102,1,100.0
19194,ORD0028,112,1,100.0
19195,ORD0028,122,1,100.0
19196,ORD0028,132,1,100.0
19197,ORD0028,142,1,100.0
19198,ORD0028,152,1,100.0
19199,ORD0029,5,1,500.0
19200,ORD0029,15,1,500.0
19201,ORD0029,25,1,500.0
19202,ORD0029,35,1,500.0
19203,ORD0029,45,1,500.0
19204,ORD0029,55,1,500.0
19205,ORD0029,65,1,500.0
19206,ORD0029,75,1,500.0
19207,ORD0029,85,1,500.0
19208,ORD0029,95,1,500.0
19209,ORD0029,105,1,500.0
19210,ORD0029,115,1,500.0
19211,ORD0029,125,1,500.0
19212,ORD0029,135,1,500.0
19213,ORD0029,145,1,500.0
19214,ORD0029,155,1,500.0
19215,ORD0030,9,3,1800.0
19216,ORD0030,19,3,1800.0
19217,ORD0030,29,3,1800.0
19218,ORD0030,39,3,1800.0
19219,ORD0030,49,3,1800.0
19220,ORD0030,59,3,1800.0
19221,ORD0030,69,3,1800.0
19222,ORD0030,79,3,1800.0
19223,ORD0030,89,3,1800.0
19224,ORD0030,99,3,1800.0
19225,ORD0030,109,3,1800.0
19226,ORD0030,119,3,1800.0
19227,ORD0030,129,3,1800.0
19228,ORD0030,139,3,1800.0
19229,ORD0030,149,3,1800.0
19230,ORD0030,159,3,1800.0
19231,ORD0031,5,1,500.0
19232,ORD0031,15,1,500.0
19233,ORD0031,25,1,500.0
19234,ORD0031,35,1,500.0
19235,ORD0031,45,1,500.0
19236,ORD0031,55,1,500.0
19237,ORD0031,65,1,500.0
19238,ORD0031,75,1,500.0
19239,ORD0031,85,1,500.0
19240,ORD0031,95,1,500.0
19241,ORD0031,105,1,500.0
19242,ORD0031,115,1,500.0
19243,ORD0031,125,1,500.0
19244,ORD0031,135,1,500.0
19245,ORD0031,145,1,500.0
19246,ORD0031,155,1,500.0
19247,ORD0032,5,4,2000.0
19248,ORD0032,15,4,2000.0
19249,ORD0032,25,4,2000.0
19250,ORD0032,35,4,2000.0
19251,ORD0032,45,4,2000.0
19252,ORD0032,55,4,2000.0
19253,ORD0032,65,4,2000.0
19254,ORD0032,75,4,2000.0
19255,ORD0032,85,4,2000.0
19256,ORD0032,95,4,2000.0
19257,ORD0032,105,4,2000.0
19258,ORD0032,115,4,2000.0
19259,ORD0032,125,4,2000.0
19260,ORD0032,135,4,2000.0
19261,ORD0032,145,4,2000.0
19262,ORD0032,155,4,2000.0
19263,ORD0033,6,1,15.0
19264,ORD0033,16,1,15.0
19265,ORD0033,26,1,15.0
19266,ORD0033,36,1,15.0
19267,ORD0033,46,1,15.0
19268,ORD0033,56,1,15.0
19269,ORD0033,66,1,15.0
19270,ORD0033,76,1,15.0
19271,ORD0033,86,1,15.0
19272,ORD0033,96,1,15.0
19273,ORD0033,106,1,15.0
19274,ORD0033,116,1,15.0
19275,ORD0033,126,1,15.0
19276,ORD0033,136,1,15.0
19277,ORD0033,146,1,15.0
19278,ORD0033,156,1,15.0
19279,ORD0034,4,5,100.0
19280,ORD0034,14,5,100.0
19281,ORD0034,24,5,100.0
19282,ORD0034,34,5,100.0
19283,ORD0034,44,5,100.0
19284,ORD0034,54,5,100.0
19285,ORD0034,64,5,100.0
19286,ORD0034,74,5,100.0
19287,ORD0034,84,5,100.0
19288,ORD0034,94,5,100.0
19289,ORD0034,104,5,100.0
19290,ORD0034,114,5,100.0
19291,ORD0034,124,5,100.0
19292,ORD0034,134,5,100.0
19293,ORD0034,144,5,100.0
19294,ORD0034,154,5,100.0
19295,ORD0035,8,3,2400.0
19296,ORD0035,18,3,2400.0
19297,ORD0035,28,3,2400.0
19298,ORD0035,38,3,2400.0
19299,ORD0035,48,3,2400.0
19300,ORD0035,58,3,2400.0
19301,ORD0035,68,3,2400.0
19302,ORD0035,78,3,2400.0
19303,ORD0035,88,3,2400.0
19304,ORD0035,98,3,2400.0
19305,ORD0035,108,3,2400.0
19306,ORD0035,118,3,2400.0
19307,ORD0035,128,3,2400.0
19308,ORD0035,138,3,2400.0
19309,ORD0035,148,3,2400.0
19310,ORD0035,158,3,2400.0
19311,ORD0036,10,2,2400.0
19312,ORD0036,20,2,2400.0
19313,ORD0036,30,2,2400.0
19314,ORD0036,40,2,2400.0
19315,ORD0036,50,2,2400.0
19316,ORD0036,60,2,2400.0
19317,ORD0036,70,2,2400.0
19318,ORD0036,80,2,2400.0
19319,ORD0036,90,2,2400.0
19320,ORD0036,100,2,2400.0
19321,ORD0036,110,2,2400.0
19322,ORD0036,120,2,2400.0
19323,ORD0036,130,2,2400.0
19324,ORD0036,140,2,2400.0
19325,ORD0036,150,2,2400.0
19326,ORD0036,160,2,2400.0
19327,ORD0037,2,3,300.0
19328,ORD0037,12,3,300.0
19329,ORD0037,22,3,300.0
19330,ORD0037,32,3,300.0
19331,ORD0037,42,3,300.0
19332,ORD0037,52,3,300.0
19333,ORD0037,62,3,300.0
19334,ORD0037,72,3,300.0
19335,ORD0037,82,3,300.0
19336,ORD0037,92,3,300.0
19337,ORD0037,102,3,300.0
19338,ORD0037,112,3,300.0
19339,ORD0037,122,3,300.0
19340,ORD0037,132,3,300.0
19341,ORD0037,142,3,300.0
19342,ORD0037,152,3,300.0
19343,ORD0038,8,3,2400.0
19344,ORD0038,18,3,2400.0
19345,ORD0038,28,3,2400.0
19346,ORD0038,38,3,2400.0
19347,ORD0038,48,3,2400.0
19348,ORD0038,58,3,2400.0
19349,ORD0038,68,3,2400.0
19350,ORD0038,78,3,2400.0
19351,ORD0038,88,3,2400.0
19352,ORD0038,98,3,2400.0
19353,ORD0038,108,3,2400.0
19354,ORD0038,118,3,2400.0
19355,ORD0038,128,3,2400.0
19356,ORD0038,138,3,2400.0
19357,ORD0038,148,3,2400.0
19358,ORD0038,158,3,2400.0
19359,ORD0039,8,2,1600.0
19360,ORD0039,18,2,1600.0
19361,ORD0039,28,2,1600.0
19362,ORD0039,38,2,1600.0
19363,ORD0039,48,2,1600.0
19364,ORD0039,58,2,1600.0
19365,ORD0039,68,2,1600.0
19366,ORD0039,78,2,1600.0
19367,ORD0039,88,2,1600.0
19368,ORD0039,98,2,1600.0
19369,ORD0039,108,2,1600.0
19370,ORD0039,118,2,1600.0
19371,ORD0039,128,2,1600.0
19372,ORD0039,138,2,1600.0
19373,ORD0039,148,2,1600.0
19374,ORD0039,158,2,1600.0
19375,ORD0040,3,1,150.0
19376,ORD0040,13,1,150.0
19377,ORD0040,23,1,150.0
19378,ORD0040,33,1,150.0
19379,ORD0040,43,1,150.0
19380,ORD0040,53,1,150.0
19381,ORD0040,63,1,150.0
19382,ORD0040,73,1,150.0
19383,ORD0040,83,1,150.0
19384,ORD0040,93,1,150.0
19385,ORD0040,103,1,150.0
19386,ORD0040,113,1,150.0
19387,ORD0040,123,1,150.0
19388,ORD0040,133,1,150.0
19389,ORD0040,143,1,150.0
19390,ORD0040,153,1,150.0
19391,ORD0041,6,1,15.0
19392,ORD0041,16,1,15.0
19393,ORD0041,26,1,15.0
19394,ORD0041,36,1,15.0
19395,ORD0041,46,1,15.0
19396,ORD0041,56,1,15.0
19397,ORD0041,66,1,15.0
19398,ORD0041,76,1,15.0
19399,ORD0041,86,1,15.0
19400,ORD0041,96,1,15.0
19401,ORD0041,106,1,15.0
19402,ORD0041,116,1,15.0
19403,ORD0041,126,1,15.0
19404,ORD0041,136,1,15.0
19405,ORD0041,146,1,15.0
19406,ORD0041,156,1,15.0
19407,ORD0042,2,3,300.0
19408,ORD0042,12,3,300.0
19409,ORD0042,22,3,300.0
19410,ORD0042,32,3,300.0
19411,ORD0042,42,3,300.0
19412,ORD0042,52,3,300.0
19413,ORD0042,62,3,300.0
19414,ORD0042,72,3,300.0
19415,ORD0042,82,3,300.0
19416,ORD0042,92,3,300.0
19417,ORD0042,102,3,300.0
19418,ORD0042,112,3,300.0
19419,ORD0042,122,3,300.0
19420,ORD0042,132,3,300.0
19421,ORD0042,142,3,300.0
19422,ORD0042,152,3,300.0
19423,ORD0043,4,4,80.0
19424,ORD0043,14,4,80.0
19425,ORD0043,24,4,80.0
19426,ORD0043,34,4,80.0
19427,ORD0043,44,4,80.0
19428,ORD0043,54,4,80.0
19429,ORD0043,64,4,80.0
19430,ORD0043,74,4,80.0
19431,ORD0043,84,4,80.0
19432,ORD0043,94,4,80.0
19433,ORD0043,104,4,80.0
19434,ORD0043,114,4,80.0
19435,ORD0043,124,4,80.0
19436,ORD0043,134,4,80.0
19437,ORD0043,144,4,80.0
19438,ORD0043,154,4,80.0
19439,ORD0044,3,1,150.0
19440,ORD0044,13,1,150.0
19441,ORD0044,23,1,150.0
19442,ORD0044,33,1,150.0
19443,ORD0044,43,1,150.0
19444,ORD0044,53,1,150.0
19445,ORD0044,63,1,150.0
19446,ORD0044,73,1,150.0
19447,ORD0044,83,1,150.0
19448,ORD0044,93,1,150.0
19449,ORD0044,103,1,150.0
19450,ORD0044,113,1,150.0
19451,ORD0044,123,1,150.0
19452,ORD0044,133,1,150.0
19453,ORD0044,143,1,150.0
19454,ORD0044,153,1,150.0
19455,ORD0045,10,3,3600.0
19456,ORD0045,20,3,3600.0
19457,ORD0045,30,3,3600.0
19458,ORD0045,40,3,3600.0
19459,ORD0045,50,3,3600.0
19460,ORD0045,60,3,3600.0
19461,ORD0045,70,3,3600.0
19462,ORD0045,80,3,3600.0
19463,ORD0045,90,3,3600.0
19464,ORD0045,100,3,3600.0
19465,ORD0045,110,3,3600.0
19466,ORD0045,120,3,3600.0
19467,ORD0045,130,3,3600.0
19468,ORD0045,140,3,3600.0
19469,ORD0045,150,3,3600.0
19470,ORD0045,160,3,3600.0
19471,ORD0046,1,2,120.0
19472,ORD0046,11,2,120.0
19473,ORD0046,21,2,120.0
19474,ORD0046,31,2,120.0
19475,ORD0046,41,2,120.0
19476,ORD0046,51,2,120.0
19477,ORD0046,61,2,120.0
19478,ORD0046,71,2,120.0
19479,ORD0046,81,2,120.0
19480,ORD0046,91,2,120.0
19481,ORD0046,101,2,120.0
19482,ORD0046,111,2,120.0
19483,ORD0046,121,2,120.0
19484,ORD0046,131,2,120.0
19485,ORD0046,141,2,120.0
19486,ORD0046,151,2,120.0
19487,ORD0047,4,2,40.0
19488,ORD0047,14,2,40.0
19489,ORD0047,24,2,40.0
19490,ORD0047,34,2,40.0
19491,ORD0047,44,2,40.0
19492,ORD0047,54,2,40.0
19493,ORD0047,64,2,40.0
19494,ORD0047,74,2,40.0
19495,ORD0047,84,2,40.0
19496,ORD0047,94,2,40.0
19497,ORD0047,104,2,40.0
19498,ORD0047,114,2,40.0
19499,ORD0047,124,2,40.0
19500,ORD0047,134,2,40.0
19501,ORD0047,144,2,40.0
19502,ORD0047,154,2,40.0
19503,ORD0048,4,5,100.0
19504,ORD0048,14,5,100.0
19505,ORD0048,24,5,100.0
19506,ORD0048,34,5,100.0
19507,ORD0048,44,5,100.0
19508,ORD0048,54,5,100.0
19509,ORD0048,64,5,100.0
19510,ORD0048,74,5,100.0
19511,ORD0048,84,5,100.0
19512,ORD0048,94,5,100.0
19513,ORD0048,104,5,100.0
19514,ORD0048,114,5,100.0
19515,ORD0048,124,5,100.0
19516,ORD0048,134,5,100.0
19517,ORD0048,144,5,100.0
19518,ORD0048,154,5,100.0
19519,ORD0049,5,4,2000.0
19520,ORD0049,15,4,2000.0
19521,ORD0049,25,4,2000.0
19522,ORD0049,35,4,2000.0
19523,ORD0049,45,4,2000.0
19524,ORD0049,55,4,2000.0
19525,ORD0049,65,4,2000.0
19526,ORD0049,75,4,2000.0
19527,ORD0049,85,4,2000.0
19528,ORD0049,95,4,2000.0
19529,ORD0049,105,4,2000.0
19530,ORD0049,115,4,2000.0
19531,ORD0049,125,4,2000.0
19532,ORD0049,135,4,2000.0
19533,ORD0049,145,4,2000.0
19534,ORD0049,155,4,2000.0
19535,ORD0050,7,3,120.0
19536,ORD0050,17,3,120.0
19537,ORD0050,27,3,120.0
19538,ORD0050,37,3,120.0
19539,ORD0050,47,3,120.0
19540,ORD0050,57,3,120.0
19541,ORD0050,67,3,120.0
19542,ORD0050,77,3,120.0
19543,ORD0050,87,3,120.0
19544,ORD0050,97,3,120.0
19545,ORD0050,107,3,120.0
19546,ORD0050,117,3,120.0
19547,ORD0050,127,3,120.0
19548,ORD0050,137,3,120.0
19549,ORD0050,147,3,120.0
19550,ORD0050,157,3,120.0
19551,ORD0051,6,1,15.0
19552,ORD0051,16,1,15.0
19553,ORD0051,26,1,15.0
19554,ORD0051,36,1,15.0
19555,ORD0051,46,1,15.0
19556,ORD0051,56,1,15.0
19557,ORD0051,66,1,15.0
19558,ORD0051,76,1,15.0
19559,ORD0051,86,1,15.0
19560,ORD0051,96,1,15.0
19561,ORD0051,106,1,15.0
19562,ORD0051,116,1,15.0
19563,ORD0051,126,1,15.0
19564,ORD0051,136,1,15.0
19565,ORD0051,146,1,15.0
19566,ORD0051,156,1,15.0
19567,ORD0052,8,3,2400.0
19568,ORD0052,18,3,2400.0
19569,ORD0052,28,3,2400.0
19570,ORD0052,38,3,2400.0
19571,ORD0052,48,3,2400.0
19572,ORD0052,58,3,2400.0
19573,ORD0052,68,3,2400.0
19574,ORD0052,78,3,2400.0
19575,ORD0052,88,3,2400.0
19576,ORD0052,98,3,2400.0
19577,ORD0052,108,3,2400.0
19578,ORD0052,118,3,2400.0
19579,ORD0052,128,3,2400.0
19580,ORD0052,138,3,2400.0
19581,ORD0052,148,3,2400.0
19582,ORD0052,158,3,2400.0
19583,ORD0053,1,4,240.0
19584,ORD0053,11,4,240.0
19585,ORD0053,21,4,240.0
19586,ORD0053,31,4,240.0
19587,ORD0053,41,4,240.0
19588,ORD0053,51,4,240.0
19589,ORD0053,61,4,240.0
19590,ORD0053,71,4,240.0
19591,ORD0053,81,4,240.0
19592,ORD0053,91,4,240.0
19593,ORD0053,101,4,240.0
19594,ORD0053,111,4,240.0
19595,ORD0053,121,4,240.0
19596,ORD0053,131,4,240.0
19597,ORD0053,141,4,240.0
19598,ORD0053,151,4,240.0
19599,ORD0054,3,3,450.0
19600,ORD0054,13,3,450.0
19601,ORD0054,23,3,450.0
19602,ORD0054,33,3,450.0
19603,ORD0054,43,3,450.0
19604,ORD0054,53,3,450.0
19605,ORD0054,63,3,450.0
19606,ORD0054,73,3,450.0
19607,ORD0054,83,3,450.0
19608,ORD0054,93,3,450.0
19609,ORD0054,103,3,450.0
19610,ORD0054,113,3,450.0
19611,ORD0054,123,3,450.0
19612,ORD0054,133,3,450.0
19613,ORD0054,143,3,450.0
19614,ORD0054,153,3,450.0
19615,ORD0055,7,2,80.0
19616,ORD0055,17,2,80.0
19617,ORD0055,27,2,80.0
19618,ORD0055,37,2,80.0
19619,ORD0055,47,2,80.0
19620,ORD0055,57,2,80.0
19621,ORD0055,67,2,80.0
19622,ORD0055,77,2,80.0
19623,ORD0055,87,2,80.0
19624,ORD0055,97,2,80.0
19625,ORD0055,107,2,80.0
19626,ORD0055,117,2,80.0
19627,ORD0055,127,2,80.0
19628,ORD0055,137,2,80.0
19629,ORD0055,147,2,80.0
19630,ORD0055,157,2,80.0
19631,ORD0056,3,2,300.0
19632,ORD0056,13,2,300.0
19633,ORD0056,23,2,300.0
19634,ORD0056,33,2,300.0
19635,ORD0056,43,2,300.0
19636,ORD0056,53,2,300.0
19637,ORD0056,63,2,300.0
19638,ORD0056,73,2,300.0
19639,ORD0056,83,2,300.0
19640,ORD0056,93,2,300.0
19641,ORD0056,103,2,300.0
19642,ORD0056,113,2,300.0
19643,ORD0056,123,2,300.0
19644,ORD0056,133,2,300.0
19645,ORD0056,143,2,300.0
19646,ORD0056,153,2,300.0
19647,ORD0057,5,1,500.0
19648,ORD0057,15,1,500.0
19649,ORD0057,25,1,500.0
19650,ORD0057,35,1,500.0
19651,ORD0057,45,1,500.0
19652,ORD0057,55,1,500.0
19653,ORD0057,65,1,500.0
19654,ORD0057,75,1,500.0
19655,ORD0057,85,1,500.0
19656,ORD0057,95,1,500.0
19657,ORD0057,105,1,500.0
19658,ORD0057,115,1,500.0
19659,ORD0057,125,1,500.0
19660,ORD0057,135,1,500.0
19661,ORD0057,145,1,500.0
19662,ORD0057,155,1,500.0
19663,ORD0058,5,1,500.0
19664,ORD0058,15,1,500.0
19665,ORD0058,25,1,500.0
19666,ORD0058,35,1,500.0
19667,ORD0058,45,1,500.0
19668,ORD0058,55,1,500.0
19669,ORD0058,65,1,500.0
19670,ORD0058,75,1,500.0
19671,ORD0058,85,1,500.0
19672,ORD0058,95,1,500.0
19673,ORD0058,105,1,500.0
19674,ORD0058,115,1,500.0
19675,ORD0058,125,1,500.0
19676,ORD0058,135,1,500.0
19677,ORD0058,145,1,500.0
19678,ORD0058,155,1,500.0
19679,ORD0059,3,2,300.0
19680,ORD0059,13,2,300.0
19681,ORD0059,23,2,300.0
19682,ORD0059,33,2,300.0
19683,ORD0059,43,2,300.0
19684,ORD0059,53,2,300.0
19685,ORD0059,63,2,300.0
19686,ORD0059,73,2,300.0
19687,ORD0059,83,2,300.0
19688,ORD0059,93,2,300.0
19689,ORD0059,103,2,300.0
19690,ORD0059,113,2,300.0
19691,ORD0059,123,2,300.0
19692,ORD0059,133,2,300.0
19693,ORD0059,143,2,300.0
19694,ORD0059,153,2,300.0
19695,ORD0060,6,5,75.0
19696,ORD0060,16,5,75.0
19697,ORD0060,26,5,75.0
19698,ORD0060,36,5,75.0
19699,ORD0060,46,5,75.0
19700,ORD0060,56,5,75.0
19701,ORD0060,66,5,75.0
19702,ORD0060,76,5,75.0
19703,ORD0060,86,5,75.0
19704,ORD0060,96,5,75.0
19705,ORD0060,106,5,75.0
19706,ORD0060,116,5,75.0
19707,ORD0060,126,5,75.0
19708,ORD0060,136,5,75.0
19709,ORD0060,146,5,75.0
19710,ORD0060,156,5,75.0
19711,ORD0061,10,1,1200.0
19712,ORD0061,20,1,1200.0
19713,ORD0061,30,1,1200.0
19714,ORD0061,40,1,1200.0
19715,ORD0061,50,1,1200.0
19716,ORD0061,60,1,1200.0
19717,ORD0061,70,1,1200.0
19718,ORD0061,80,1,1200.0
19719,ORD0061,90,1,1200.0
19720,ORD0061,100,1,1200.0
19721,ORD0061,110,1,1200.0
19722,ORD0061,120,1,1200.0
19723,ORD0061,130,1,1200.0
19724,ORD0061,140,1,1200.0
19725,ORD0061,150,1,1200.0
19726,ORD0061,160,1,1200.0
19727,ORD0062,8,5,4000.0
19728,ORD0062,18,5,4000.0
19729,ORD0062,28,5,4000.0
19730,ORD0062,38,5,4000.0
19731,ORD0062,48,5,4000.0
19732,ORD0062,58,5,4000.0
19733,ORD0062,68,5,4000.0
19734,ORD0062,78,5,4000.0
19735,ORD0062,88,5,4000.0
19736,ORD0062,98,5,4000.0
19737,ORD0062,108,5,4000.0
19738,ORD0062,118,5,4000.0
19739,ORD0062,128,5,4000.0
19740,ORD0062,138,5,4000.0
19741,ORD0062,148,5,4000.0
19742,ORD0062,158,5,4000.0
19743,ORD0063,5,5,2500.0
19744,ORD0063,15,5,2500.0
19745,ORD0063,25,5,2500.0
19746,ORD0063,35,5,2500.0
19747,ORD0063,45,5,2500.0
19748,ORD0063,55,5,2500.0
19749,ORD0063,65,5,2500.0
19750,ORD0063,75,5,2500.0
19751,ORD0063,85,5,2500.0
19752,ORD0063,95,5,2500.0
19753,ORD0063,105,5,2500.0
19754,ORD0063,115,5,2500.0
19755,ORD0063,125,5,2500.0
19756,ORD0063,135,5,2500.0
19757,ORD0063,145,5,2500.0
19758,ORD0063,155,5,2500.0
19759,ORD0064,10,4,4800.0
19760,ORD0064,20,4,4800.0
19761,ORD0064,30,4,4800.0
19762,ORD0064,40,4,4800.0
19763,ORD0064,50,4,4800.0
19764,ORD0064,60,4,4800.0
19765,ORD0064,70,4,4800.0
19766,ORD0064,80,4,4800.0
19767,ORD0064,90,4,4800.0
19768,ORD0064,100,4,4800.0
19769,ORD0064,110,4,4800.0
19770,ORD0064,120,4,4800.0
19771,ORD0064,130,4,4800.0
19772,ORD0064,140,4,4800.0
19773,ORD0064,150,4,4800.0
19774,ORD0064,160,4,4800.0
19775,ORD0065,6,3,45.0
19776,ORD0065,16,3,45.0
19777,ORD0065,26,3,45.0
19778,ORD0065,36,3,45.0
19779,ORD0065,46,3,45.0
19780,ORD0065,56,3,45.0
19781,ORD0065,66,3,45.0
19782,ORD0065,76,3,45.0
19783,ORD0065,86,3,45.0
19784,ORD0065,96,3,45.0
19785,ORD0065,106,3,45.0
19786,ORD0065,116,3,45.0
19787,ORD0065,126,3,45.0
19788,ORD0065,136,3,45.0
19789,ORD0065,146,3,45.0
19790,ORD0065,156,3,45.0
19791,ORD0066,3,2,300.0
19792,ORD0066,13,2,300.0
19793,ORD0066,23,2,300.0
19794,ORD0066,33,2,300.0
19795,ORD0066,43,2,300.0
19796,ORD0066,53,2,300.0
19797,ORD0066,63,2,300.0
19798,ORD0066,73,2,300.0
19799,ORD0066,83,2,300.0
19800,ORD0066,93,2,300.0
19801,ORD0066,103,2,300.0
19802,ORD0066,113,2,300.0
19803,ORD0066,123,2,300.0
19804,ORD0066,133,2,300.0
19805,ORD0066,143,2,300.0
19806,ORD0066,153,2,300.0
19807,ORD0067,2,3,300.0
19808,ORD0067,12,3,300.0
19809,ORD0067,22,3,300.0
19810,ORD0067,32,3,300.0
19811,ORD0067,42,3,300.0
19812,ORD0067,52,3,300.0
19813,ORD0067,62,3,300.0
19814,ORD0067,72,3,300.0
19815,ORD0067,82,3,300.0
19816,ORD0067,92,3,300.0
19817,ORD0067,102,3,300.0
19818,ORD0067,112,3,300.0
19819,ORD0067,122,3,300.0
19820,ORD0067,132,3,300.0
19821,ORD0067,142,3,300.0
19822,ORD0067,152,3,300.0
19823,ORD0068,2,1,100.0
19824,ORD0068,12,1,100.0
19825,ORD0068,22,1,100.0
19826,ORD0068,32,1,100.0
19827,ORD0068,42,1,100.0
19828,ORD0068,52,1,100.0
19829,ORD0068,62,1,100.0
19830,ORD0068,72,1,100.0
19831,ORD0068,82,1,100.0
19832,ORD0068,92,1,100.0
19833,ORD0068,102,1,100.0
19834,ORD0068,112,1,100.0
19835,ORD0068,122,1,100.0
19836,ORD0068,132,1,100.0
19837,ORD0068,142,1,100.0
19838,ORD0068,152,1,100.0
19839,ORD0069,10,4,4800.0
19840,ORD0069,20,4,4800.0
19841,ORD0069,30,4,4800.0
19842,ORD0069,40,4,4800.0
19843,ORD0069,50,4,4800.0
19844,ORD0069,60,4,4800.0
19845,ORD0069,70,4,4800.0
19846,ORD0069,80,4,4800.0
19847,ORD0069,90,4,4800.0
19848,ORD0069,100,4,4800.0
19849,ORD0069,110,4,4800.0
19850,ORD0069,120,4,4800.0
19851,ORD0069,130,4,4800.0
19852,ORD0069,140,4,4800.0
19853,ORD0069,150,4,4800.0
19854,ORD0069,160,4,4800.0
19855,ORD0070,6,1,15.0
19856,ORD0070,16,1,15.0
19857,ORD0070,26,1,15.0
19858,ORD0070,36,1,15.0
19859,ORD0070,46,1,15.0
19860,ORD0070,56,1,15.0
19861,ORD0070,66,1,15.0
19862,ORD0070,76,1,15.0
19863,ORD0070,86,1,15.0
19864,ORD0070,96,1,15.0
19865,ORD0070,106,1,15.0
19866,ORD0070,116,1,15.0
19867,ORD0070,126,1,15.0
19868,ORD0070,136,1,15.0
19869,ORD0070,146,1,15.0
19870,ORD0070,156,1,15.0
19871,ORD0071,3,5,750.0
19872,ORD0071,13,5,750.0
19873,ORD0071,23,5,750.0
19874,ORD0071,33,5,750.0
19875,ORD0071,43,5,750.0
19876,ORD0071,53,5,750.0
19877,ORD0071,63,5,750.0
19878,ORD0071,73,5,750.0
19879,ORD0071,83,5,750.0
19880,ORD0071,93,5,750.0
19881,ORD0071,103,5,750.0
19882,ORD0071,113,5,750.0
19883,ORD0071,123,5,750.0
19884,ORD0071,133,5,750.0
19885,ORD0071,143,5,750.0
19886,ORD0071,153,5,750.0
19887,ORD0072,8,3,2400.0
19888,ORD0072,18,3,2400.0
19889,ORD0072,28,3,2400.0
19890,ORD0072,38,3,2400.0
19891,ORD0072,48,3,2400.0
19892,ORD0072,58,3,2400.0
19893,ORD0072,68,3,2400.0
19894,ORD0072,78,3,2400.0
19895,ORD0072,88,3,2400.0
19896,ORD0072,98,3,2400.0
19897,ORD0072,108,3,2400.0
19898,ORD0072,118,3,2400.0
19899,ORD0072,128,3,2400.0
19900,ORD0072,138,3,2400.0
19901,ORD0072,148,3,2400.0
19902,ORD0072,158,3,2400.0
19903,ORD0073,5,5,2500.0
19904,ORD0073,15,5,2500.0
19905,ORD0073,25,5,2500.0
19906,ORD0073,35,5,2500.0
19907,ORD0073,45,5,2500.0
19908,ORD0073,55,5,2500.0
19909,ORD0073,65,5,2500.0
19910,ORD0073,75,5,2500.0
19911,ORD0073,85,5,2500.0
19912,ORD0073,95,5,2500.0
19913,ORD0073,105,5,2500.0
19914,ORD0073,115,5,2500.0
19915,ORD0073,125,5,2500.0
19916,ORD0073,135,5,2500.0
19917,ORD0073,145,5,2500.0
19918,ORD0073,155,5,2500.0
19919,ORD0074,10,4,4800.0
19920,ORD0074,20,4,4800.0
19921,ORD0074,30,4,4800.0
19922,ORD0074,40,4,4800.0
19923,ORD0074,50,4,4800.0
19924,ORD0074,60,4,4800.0
19925,ORD0074,70,4,4800.0
19926,ORD0074,80,4,4800.0
19927,ORD0074,90,4,4800.0
19928,ORD0074,100,4,4800.0
19929,ORD0074,110,4,4800.0
19930,ORD0074,120,4,4800.0
19931,ORD0074,130,4,4800.0
19932,ORD0074,140,4,4800.0
19933,ORD0074,150,4,4800.0
19934,ORD0074,160,4,4800.0
19935,ORD0075,2,2,200.0
19936,ORD0075,12,2,200.0
19937,ORD0075,22,2,200.0
19938,ORD0075,32,2,200.0
19939,ORD0075,42,2,200.0
19940,ORD0075,52,2,200.0
19941,ORD0075,62,2,200.0
19942,ORD0075,72,2,200.0
19943,ORD0075,82,2,200.0
19944,ORD0075,92,2,200.0
19945,ORD0075,102,2,200.0
19946,ORD0075,112,2,200.0
19947,ORD0075,122,2,200.0
19948,ORD0075,132,2,200.0
19949,ORD0075,142,2,200.0
19950,ORD0075,152,2,200.0
19951,ORD0076,9,1,600.0
19952,ORD0076,19,1,600.0
19953,ORD0076,29,1,600.0
19954,ORD0076,39,1,600.0
19955,ORD0076,49,1,600.0
19956,ORD0076,59,1,600.0
19957,ORD0076,69,1,600.0
19958,ORD0076,79,1,600.0
19959,ORD0076,89,1,600.0
19960,ORD0076,99,1,600.0
19961,ORD0076,109,1,600.0
19962,ORD0076,119,1,600.0
19963,ORD0076,129,1,600.0
19964,ORD0076,139,1,600.0
19965,ORD0076,149,1,600.0
19966,ORD0076,159,1,600.0
19967,ORD0077,2,2,200.0
19968,ORD0077,12,2,200.0
19969,ORD0077,22,2,200.0
19970,ORD0077,32,2,200.0
19971,ORD0077,42,2,200.0
19972,ORD0077,52,2,200.0
19973,ORD0077,62,2,200.0
19974,ORD0077,72,2,200.0
19975,ORD0077,82,2,200.0
19976,ORD0077,92,2,200.0
19977,ORD0077,102,2,200.0
19978,ORD0077,112,2,200.0
19979,ORD0077,122,2,200.0
19980,ORD0077,132,2,200.0
19981,ORD0077,142,2,200.0
19982,ORD0077,152,2,200.0
19983,ORD0078,3,2,300.0
19984,ORD0078,13,2,300.0
19985,ORD0078,23,2,300.0
19986,ORD0078,33,2,300.0
19987,ORD0078,43,2,300.0
19988,ORD0078,53,2,300.0
19989,ORD0078,63,2,300.0
19990,ORD0078,73,2,300.0
19991,ORD0078,83,2,300.0
19992,ORD0078,93,2,300.0
19993,ORD0078,103,2,300.0
19994,ORD0078,113,2,300.0
19995,ORD0078,123,2,300.0
19996,ORD0078,133,2,300.0
19997,ORD0078,143,2,300.0
19998,ORD0078,153,2,300.0
19999,ORD0079,1,2,120.0
20000,ORD0079,11,2,120.0
20001,ORD0079,21,2,120.0
20002,ORD0079,31,2,120.0
20003,ORD0079,41,2,120.0
20004,ORD0079,51,2,120.0
20005,ORD0079,61,2,120.0
20006,ORD0079,71,2,120.0
20007,ORD0079,81,2,120.0
20008,ORD0079,91,2,120.0
20009,ORD0079,101,2,120.0
20010,ORD0079,111,2,120.0
20011,ORD0079,121,2,120.0
20012,ORD0079,131,2,120.0
20013,ORD0079,141,2,120.0
20014,ORD0079,151,2,120.0
20015,ORD0080,1,4,240.0
20016,ORD0080,11,4,240.0
20017,ORD0080,21,4,240.0
20018,ORD0080,31,4,240.0
20019,ORD0080,41,4,240.0
20020,ORD0080,51,4,240.0
20021,ORD0080,61,4,240.0
20022,ORD0080,71,4,240.0
20023,ORD0080,81,4,240.0
20024,ORD0080,91,4,240.0
20025,ORD0080,101,4,240.0
20026,ORD0080,111,4,240.0
20027,ORD0080,121,4,240.0
20028,ORD0080,131,4,240.0
20029,ORD0080,141,4,240.0
20030,ORD0080,151,4,240.0
20031,ORD0081,2,3,300.0
20032,ORD0081,12,3,300.0
20033,ORD0081,22,3,300.0
20034,ORD0081,32,3,300.0
20035,ORD0081,42,3,300.0
20036,ORD0081,52,3,300.0
20037,ORD0081,62,3,300.0
20038,ORD0081,72,3,300.0
20039,ORD0081,82,3,300.0
20040,ORD0081,92,3,300.0
20041,ORD0081,102,3,300.0
20042,ORD0081,112,3,300.0
20043,ORD0081,122,3,300.0
20044,ORD0081,132,3,300.0
20045,ORD0081,142,3,300.0
20046,ORD0081,152,3,300.0
20047,ORD0082,5,3,1500.0
20048,ORD0082,15,3,1500.0
20049,ORD0082,25,3,1500.0
20050,ORD0082,35,3,1500.0
20051,ORD0082,45,3,1500.0
20052,ORD0082,55,3,1500.0
20053,ORD0082,65,3,1500.0
20054,ORD0082,75,3,1500.0
20055,ORD0082,85,3,1500.0
20056,ORD0082,95,3,1500.0
20057,ORD0082,105,3,1500.0
20058,ORD0082,115,3,1500.0
20059,ORD0082,125,3,1500.0
20060,ORD0082,135,3,1500.0
20061,ORD0082,145,3,1500.0
20062,ORD0082,155,3,1500.0
20063,ORD0083,9,4,2400.0
20064,ORD0083,19,4,2400.0
20065,ORD0083,29,4,2400.0
20066,ORD0083,39,4,2400.0
20067,ORD0083,49,4,2400.0
20068,ORD0083,59,4,2400.0
20069,ORD0083,69,4,2400.0
20070,ORD0083,79,4,2400.0
20071,ORD0083,89,4,2400.0
20072,ORD0083,99,4,2400.0
20073,ORD0083,109,4,2400.0
20074,ORD0083,119,4,2400.0
20075,ORD0083,129,4,2400.0
20076,ORD0083,139,4,2400.0
20077,ORD0083,149,4,2400.0
20078,ORD0083,159,4,2400.0
20079,ORD0084,4,5,100.0
20080,ORD0084,14,5,100.0
20081,ORD0084,24,5,100.0
20082,ORD0084,34,5,100.0
20083,ORD0084,44,5,100.0
20084,ORD0084,54,5,100.0
20085,ORD0084,64,5,100.0
20086,ORD0084,74,5,100.0
20087,ORD0084,84,5,100.0
20088,ORD0084,94,5,100.0
20089,ORD0084,104,5,100.0
20090,ORD0084,114,5,100.0
20091,ORD0084,124,5,100.0
20092,ORD0084,134,5,100.0
20093,ORD0084,144,5,100.0
20094,ORD0084,154,5,100.0
20095,ORD0085,5,5,2500.0
20096,ORD0085,15,5,2500.0
20097,ORD0085,25,5,2500.0
20098,ORD0085,35,5,2500.0
20099,ORD0085,45,5,2500.0
20100,ORD0085,55,5,2500.0
20101,ORD0085,65,5,2500.0
20102,ORD0085,75,5,2500.0
20103,ORD0085,85,5,2500.0
20104,ORD0085,95,5,2500.0
20105,ORD0085,105,5,2500.0
20106,ORD0085,115,5,2500.0
20107,ORD0085,125,5,2500.0
20108,ORD0085,135,5,2500.0
20109,ORD0085,145,5,2500.0
20110,ORD0085,155,5,2500.0
20111,ORD0086,3,5,750.0
20112,ORD0086,13,5,750.0
20113,ORD0086,23,5,750.0
20114,ORD0086,33,5,750.0
20115,ORD0086,43,5,750.0
20116,ORD0086,53,5,750.0
20117,ORD0086,63,5,750.0
20118,ORD0086,73,5,750.0
20119,ORD0086,83,5,750.0
20120,ORD0086,93,5,750.0
20121,ORD0086,103,5,750.0
20122,ORD0086,113,5,750.0
20123,ORD0086,123,5,750.0
20124,ORD0086,133,5,750.0
20125,ORD0086,143,5,750.0
20126,ORD0086,153,5,750.0
20127,ORD0087,1,5,300.0
20128,ORD0087,11,5,300.0
20129,ORD0087,21,5,300.0
20130,ORD0087,31,5,300.0
20131,ORD0087,41,5,300.0
20132,ORD0087,51,5,300.0
20133,ORD0087,61,5,300.0
20134,ORD0087,71,5,300.0
20135,ORD0087,81,5,300.0
20136,ORD0087,91,5,300.0
20137,ORD0087,101,5,300.0
20138,ORD0087,111,5,300.0
20139,ORD0087,121,5,300.0
20140,ORD0087,131,5,300.0
20141,ORD0087,141,5,300.0
20142,ORD0087,151,5,300.0
20143,ORD0088,10,2,2400.0
20144,ORD0088,20,2,2400.0
20145,ORD0088,30,2,2400.0
20146,ORD0088,40,2,2400.0
20147,ORD0088,50,2,2400.0
20148,ORD0088,60,2,2400.0
20149,ORD0088,70,2,2400.0
20150,ORD0088,80,2,2400.0
20151,ORD0088,90,2,2400.0
20152,ORD0088,100,2,2400.0
20153,ORD0088,110,2,2400.0
20154,ORD0088,120,2,2400.0
20155,ORD0088,130,2,2400.0
20156,ORD0088,140,2,2400.0
20157,ORD0088,150,2,2400.0
20158,ORD0088,160,2,2400.0
20159,ORD0089,1,5,300.0
20160,ORD0089,11,5,300.0
20161,ORD0089,21,5,300.0
20162,ORD0089,31,5,300.0
20163,ORD0089,41,5,300.0
20164,ORD0089,51,5,300.0
20165,ORD0089,61,5,300.0
20166,ORD0089,71,5,300.0
20167,ORD0089,81,5,300.0
20168,ORD0089,91,5,300.0
20169,ORD0089,101,5,300.0
20170,ORD0089,111,5,300.0
20171,ORD0089,121,5,300.0
20172,ORD0089,131,5,300.0
20173,ORD0089,141,5,300.0
20174,ORD0089,151,5,300.0
20175,ORD0090,3,5,750.0
20176,ORD0090,13,5,750.0
20177,ORD0090,23,5,750.0
20178,ORD0090,33,5,750.0
20179,ORD0090,43,5,750.0
20180,ORD0090,53,5,750.0
20181,ORD0090,63,5,750.0
20182,ORD0090,73,5,750.0
20183,ORD0090,83,5,750.0
20184,ORD0090,93,5,750.0
20185,ORD0090,103,5,750.0
20186,ORD0090,113,5,750.0
20187,ORD0090,123,5,750.0
20188,ORD0090,133,5,750.0
20189,ORD0090,143,5,750.0
20190,ORD0090,153,5,750.0
20191,ORD0091,8,4,3200.0
20192,ORD0091,18,4,3200.0
20193,ORD0091,28,4,3200.0
20194,ORD0091,38,4,3200.0
20195,ORD0091,48,4,3200.0
20196,ORD0091,58,4,3200.0
20197,ORD0091,68,4,3200.0
20198,ORD0091,78,4,3200.0
20199,ORD0091,88,4,3200.0
20200,ORD0091,98,4,3200.0
20201,ORD0091,108,4,3200.0
20202,ORD0091,118,4,3200.0
20203,ORD0091,128,4,3200.0
20204,ORD0091,138,4,3200.0
20205,ORD0091,148,4,3200.0
20206,ORD0091,158,4,3200.0
20207,ORD0092,5,2,1000.0
20208,ORD0092,15,2,1000.0
20209,ORD0092,25,2,1000.0
20210,ORD0092,35,2,1000.0
20211,ORD0092,45,2,1000.0
20212,ORD0092,55,2,1000.0
20213,ORD0092,65,2,1000.0
20214,ORD0092,75,2,1000.0
20215,ORD0092,85,2,1000.0
20216,ORD0092,95,2,1000.0
20217,ORD0092,105,2,1000.0
20218,ORD0092,115,2,1000.0
20219,ORD0092,125,2,1000.0
20220,ORD0092,135,2,1000.0
20221,ORD0092,145,2,1000.0
20222,ORD0092,155,2,1000.0
20223,ORD0093,10,5,6000.0
20224,ORD0093,20,5,6000.0
20225,ORD0093,30,5,6000.0
20226,ORD0093,40,5,6000.0
20227,ORD0093,50,5,6000.0
20228,ORD0093,60,5,6000.0
20229,ORD0093,70,5,6000.0
20230,ORD0093,80,5,6000.0
20231,ORD0093,90,5,6000.0
20232,ORD0093,100,5,6000.0
20233,ORD0093,110,5,6000.0
20234,ORD0093,120,5,6000.0
20235,ORD0093,130,5,6000.0
20236,ORD0093,140,5,6000.0
20237,ORD0093,150,5,6000.0
20238,ORD0093,160,5,6000.0
20239,ORD0094,7,5,200.0
20240,ORD0094,17,5,200.0
20241,ORD0094,27,5,200.0
20242,ORD0094,37,5,200.0
20243,ORD0094,47,5,200.0
20244,ORD0094,57,5,200.0
20245,ORD0094,67,5,200.0
20246,ORD0094,77,5,200.0
20247,ORD0094,87,5,200.0
20248,ORD0094,97,5,200.0
20249,ORD0094,107,5,200.0
20250,ORD0094,117,5,200.0
20251,ORD0094,127,5,200.0
20252,ORD0094,137,5,200.0
20253,ORD0094,147,5,200.0
20254,ORD0094,157,5,200.0
20255,ORD0095,3,4,600.0
20256,ORD0095,13,4,600.0
20257,ORD0095,23,4,600.0
20258,ORD0095,33,4,600.0
20259,ORD0095,43,4,600.0
20260,ORD0095,53,4,600.0
20261,ORD0095,63,4,600.0
20262,ORD0095,73,4,600.0
20263,ORD0095,83,4,600.0
20264,ORD0095,93,4,600.0
20265,ORD0095,103,4,600.0
20266,ORD0095,113,4,600.0
20267,ORD0095,123,4,600.0
20268,ORD0095,133,4,600.0
20269,ORD0095,143,4,600.0
20270,ORD0095,153,4,600.0
20271,ORD0096,3,3,450.0
20272,ORD0096,13,3,450.0
20273,ORD0096,23,3,450.0
20274,ORD0096,33,3,450.0
20275,ORD0096,43,3,450.0
20276,ORD0096,53,3,450.0
20277,ORD0096,63,3,450.0
20278,ORD0096,73,3,450.0
20279,ORD0096,83,3,450.0
20280,ORD0096,93,3,450.0
20281,ORD0096,103,3,450.0
20282,ORD0096,113,3,450.0
20283,ORD0096,123,3,450.0
20284,ORD0096,133,3,450.0
20285,ORD0096,143,3,450.0
20286,ORD0096,153,3,450.0
20287,ORD0097,6,5,75.0
20288,ORD0097,16,5,75.0
20289,ORD0097,26,5,75.0
20290,ORD0097,36,5,75.0
20291,ORD0097,46,5,75.0
20292,ORD0097,56,5,75.0
20293,ORD0097,66,5,75.0
20294,ORD0097,76,5,75.0
20295,ORD0097,86,5,75.0
20296,ORD0097,96,5,75.0
20297,ORD0097,106,5,75.0
20298,ORD0097,116,5,75.0
20299,ORD0097,126,5,75.0
20300,ORD0097,136,5,75.0
20301,ORD0097,146,5,75.0
20302,ORD0097,156,5,75.0
20303,ORD0098,3,2,300.0
20304,ORD0098,13,2,300.0
20305,ORD0098,23,2,300.0
20306,ORD0098,33,2,300.0
20307,ORD0098,43,2,300.0
20308,ORD0098,53,2,300.0
20309,ORD0098,63,2,300.0
20310,ORD0098,73,2,300.0
20311,ORD0098,83,2,300.0
20312,ORD0098,93,2,300.0
20313,ORD0098,103,2,300.0
20314,ORD0098,113,2,300.0
20315,ORD0098,123,2,300.0
20316,ORD0098,133,2,300.0
20317,ORD0098,143,2,300.0
20318,ORD0098,153,2,300.0
20319,ORD0099,9,5,3000.0
20320,ORD0099,19,5,3000.0
20321,ORD0099,29,5,3000.0
20322,ORD0099,39,5,3000.0
20323,ORD0099,49,5,3000.0
20324,ORD0099,59,5,3000.0
20325,ORD0099,69,5,3000.0
20326,ORD0099,79,5,3000.0
20327,ORD0099,89,5,3000.0
20328,ORD0099,99,5,3000.0
20329,ORD0099,109,5,3000.0
20330,ORD0099,119,5,3000.0
20331,ORD0099,129,5,3000.0
20332,ORD0099,139,5,3000.0
20333,ORD0099,149,5,3000.0
20334,ORD0099,159,5,3000.0
20335,ORD0100,1,1,60.0
20336,ORD0100,11,1,60.0
20337,ORD0100,21,1,60.0
20338,ORD0100,31,1,60.0
20339,ORD0100,41,1,60.0
20340,ORD0100,51,1,60.0
20341,ORD0100,61,1,60.0
20342,ORD0100,71,1,60.0
20343,ORD0100,81,1,60.0
20344,ORD0100,91,1,60.0
20345,ORD0100,101,1,60.0
20346,ORD0100,111,1,60.0
20347,ORD0100,121,1,60.0
20348,ORD0100,131,1,60.0
20349,ORD0100,141,1,60.0
20350,ORD0100,151,1,60.0
20351,ORD0101,6,5,75.0
20352,ORD0101,16,5,75.0
20353,ORD0101,26,5,75.0
20354,ORD0101,36,5,75.0
20355,ORD0101,46,5,75.0
20356,ORD0101,56,5,75.0
20357,ORD0101,66,5,75.0
20358,ORD0101,76,5,75.0
20359,ORD0101,86,5,75.0
20360,ORD0101,96,5,75.0
20361,ORD0101,106,5,75.0
20362,ORD0101,116,5,75.0
20363,ORD0101,126,5,75.0
20364,ORD0101,136,5,75.0
20365,ORD0101,146,5,75.0
20366,ORD0101,156,5,75.0
20367,ORD0102,5,2,1000.0
20368,ORD0102,15,2,1000.0
20369,ORD0102,25,2,1000.0
20370,ORD0102,35,2,1000.0
20371,ORD0102,45,2,1000.0
20372,ORD0102,55,2,1000.0
20373,ORD0102,65,2,1000.0
20374,ORD0102,75,2,1000.0
20375,ORD0102,85,2,1000.0
20376,ORD0102,95,2,1000.0
20377,ORD0102,105,2,1000.0
20378,ORD0102,115,2,1000.0
20379,ORD0102,125,2,1000.0
20380,ORD0102,135,2,1000.0
20381,ORD0102,145,2,1000.0
20382,ORD0102,155,2,1000.0
20383,ORD0103,4,2,40.0
20384,ORD0103,14,2,40.0
20385,ORD0103,24,2,40.0
20386,ORD0103,34,2,40.0
20387,ORD0103,44,2,40.0
20388,ORD0103,54,2,40.0
20389,ORD0103,64,2,40.0
20390,ORD0103,74,2,40.0
20391,ORD0103,84,2,40.0
20392,ORD0103,94,2,40.0
20393,ORD0103,104,2,40.0
20394,ORD0103,114,2,40.0
20395,ORD0103,124,2,40.0
20396,ORD0103,134,2,40.0
20397,ORD0103,144,2,40.0
20398,ORD0103,154,2,40.0
20399,ORD0104,7,5,200.0
20400,ORD0104,17,5,200.0
20401,ORD0104,27,5,200.0
20402,ORD0104,37,5,200.0
20403,ORD0104,47,5,200.0
20404,ORD0104,57,5,200.0
20405,ORD0104,67,5,200.0
20406,ORD0104,77,5,200.0
20407,ORD0104,87,5,200.0
20408,ORD0104,97,5,200.0
20409,ORD0104,107,5,200.0
20410,ORD0104,117,5,200.0
20411,ORD0104,127,5,200.0
20412,ORD0104,137,5,200.0
20413,ORD0104,147,5,200.0
20414,ORD0104,157,5,200.0
20415,ORD0105,7,1,40.0
20416,ORD0105,17,1,40.0
20417,ORD0105,27,1,40.0
20418,ORD0105,37,1,40.0
20419,ORD0105,47,1,40.0
20420,ORD0105,57,1,40.0
20421,ORD0105,67,1,40.0
20422,ORD0105,77,1,40.0
20423,ORD0105,87,1,40.0
20424,ORD0105,97,1,40.0
20425,ORD0105,107,1,40.0
20426,ORD0105,117,1,40.0
20427,ORD0105,127,1,40.0
20428,ORD0105,137,1,40.0
20429,ORD0105,147,1,40.0
20430,ORD0105,157,1,40.0
20431,ORD0106,4,3,60.0
20432,ORD0106,14,3,60.0
20433,ORD0106,24,3,60.0
20434,ORD0106,34,3,60.0
20435,ORD0106,44,3,60.0
20436,ORD0106,54,3,60.0
20437,ORD0106,64,3,60.0
20438,ORD0106,74,3,60.0
20439,ORD0106,84,3,60.0
20440,ORD0106,94,3,60.0
20441,ORD0106,104,3,60.0
20442,ORD0106,114,3,60.0
20443,ORD0106,124,3,60.0
20444,ORD0106,134,3,60.0
20445,ORD0106,144,3,60.0
20446,ORD0106,154,3,60.0
20447,ORD0107,7,3,120.0
20448,ORD0107,17,3,120.0
20449,ORD0107,27,3,120.0
20450,ORD0107,37,3,120.0
20451,ORD0107,47,3,120.0
20452,ORD0107,57,3,120.0
20453,ORD0107,67,3,120.0
20454,ORD0107,77,3,120.0
20455,ORD0107,87,3,120.0
20456,ORD0107,97,3,120.0
20457,ORD0107,107,3,120.0
20458,ORD0107,117,3,120.0
20459,ORD0107,127,3,120.0
20460,ORD0107,137,3,120.0
20461,ORD0107,147,3,120.0
20462,ORD0107,157,3,120.0
20463,ORD0108,2,2,200.0
20464,ORD0108,12,2,200.0
20465,ORD0108,22,2,200.0
20466,ORD0108,32,2,200.0
20467,ORD0108,42,2,200.0
20468,ORD0108,52,2,200.0
20469,ORD0108,62,2,200.0
20470,ORD0108,72,2,200.0
20471,ORD0108,82,2,200.0
20472,ORD0108,92,2,200.0
20473,ORD0108,102,2,200.0
20474,ORD0108,112,2,200.0
20475,ORD0108,122,2,200.0
20476,ORD0108,132,2,200.0
20477,ORD0108,142,2,200.0
20478,ORD0108,152,2,200.0
20479,ORD0109,7,5,200.0
20480,ORD0109,17,5,200.0
20481,ORD0109,27,5,200.0
20482,ORD0109,37,5,200.0
20483,ORD0109,47,5,200.0
20484,ORD0109,57,5,200.0
20485,ORD0109,67,5,200.0
20486,ORD0109,77,5,200.0
20487,ORD0109,87,5,200.0
20488,ORD0109,97,5,200.0
20489,ORD0109,107,5,200.0
20490,ORD0109,117,5,200.0
20491,ORD0109,127,5,200.0
20492,ORD0109,137,5,200.0
20493,ORD0109,147,5,200.0
20494,ORD0109,157,5,200.0
20495,ORD0110,5,5,2500.0
20496,ORD0110,15,5,2500.0
20497,ORD0110,25,5,2500.0
20498,ORD0110,35,5,2500.0
20499,ORD0110,45,5,2500.0
20500,ORD0110,55,5,2500.0
20501,ORD0110,65,5,2500.0
20502,ORD0110,75,5,2500.0
20503,ORD0110,85,5,2500.0
20504,ORD0110,95,5,2500.0
20505,ORD0110,105,5,2500.0
20506,ORD0110,115,5,2500.0
20507,ORD0110,125,5,2500.0
20508,ORD0110,135,5,2500.0
20509,ORD0110,145,5,2500.0
20510,ORD0110,155,5,2500.0
20511,ORD0111,8,4,3200.0
20512,ORD0111,18,4,3200.0
20513,ORD0111,28,4,3200.0
20514,ORD0111,38,4,3200.0
20515,ORD0111,48,4,3200.0
20516,ORD0111,58,4,3200.0
20517,ORD0111,68,4,3200.0
20518,ORD0111,78,4,3200.0
20519,ORD0111,88,4,3200.0
20520,ORD0111,98,4,3200.0
20521,ORD0111,108,4,3200.0
20522,ORD0111,118,4,3200.0
20523,ORD0111,128,4,3200.0
20524,ORD0111,138,4,3200.0
20525,ORD0111,148,4,3200.0
20526,ORD0111,158,4,3200.0
20527,ORD0112,9,2,1200.0
20528,ORD0112,19,2,1200.0
20529,ORD0112,29,2,1200.0
20530,ORD0112,39,2,1200.0
20531,ORD0112,49,2,1200.0
20532,ORD0112,59,2,1200.0
20533,ORD0112,69,2,1200.0
20534,ORD0112,79,2,1200.0
20535,ORD0112,89,2,1200.0
20536,ORD0112,99,2,1200.0
20537,ORD0112,109,2,1200.0
20538,ORD0112,119,2,1200.0
20539,ORD0112,129,2,1200.0
20540,ORD0112,139,2,1200.0
20541,ORD0112,149,2,1200.0
20542,ORD0112,159,2,1200.0
20543,ORD0113,6,5,75.0
20544,ORD0113,16,5,75.0
20545,ORD0113,26,5,75.0
20546,ORD0113,36,5,75.0
20547,ORD0113,46,5,75.0
20548,ORD0113,56,5,75.0
20549,ORD0113,66,5,75.0
20550,ORD0113,76,5,75.0
20551,ORD0113,86,5,75.0
20552,ORD0113,96,5,75.0
20553,ORD0113,106,5,75.0
20554,ORD0113,116,5,75.0
20555,ORD0113,126,5,75.0
20556,ORD0113,136,5,75.0
20557,ORD0113,146,5,75.0
20558,ORD0113,156,5,75.0
20559,ORD0114,1,1,60.0
20560,ORD0114,11,1,60.0
20561,ORD0114,21,1,60.0
20562,ORD0114,31,1,60.0
20563,ORD0114,41,1,60.0
20564,ORD0114,51,1,60.0
20565,ORD0114,61,1,60.0
20566,ORD0114,71,1,60.0
20567,ORD0114,81,1,60.0
20568,ORD0114,91,1,60.0
20569,ORD0114,101,1,60.0
20570,ORD0114,111,1,60.0
20571,ORD0114,121,1,60.0
20572,ORD0114,131,1,60.0
20573,ORD0114,141,1,60.0
20574,ORD0114,151,1,60.0
20575,ORD0115,1,3,180.0
20576,ORD0115,11,3,180.0
20577,ORD0115,21,3,180.0
20578,ORD0115,31,3,180.0
20579,ORD0115,41,3,180.0
20580,ORD0115,51,3,180.0
20581,ORD0115,61,3,180.0
20582,ORD0115,71,3,180.0
20583,ORD0115,81,3,180.0
20584,ORD0115,91,3,180.0
20585,ORD0115,101,3,180.0
20586,ORD0115,111,3,180.0
20587,ORD0115,121,3,180.0
20588,ORD0115,131,3,180.0
20589,ORD0115,141,3,180.0
20590,ORD0115,151,3,180.0
20591,ORD0116,8,4,3200.0
20592,ORD0116,18,4,3200.0
20593,ORD0116,28,4,3200.0
20594,ORD0116,38,4,3200.0
20595,ORD0116,48,4,3200.0
20596,ORD0116,58,4,3200.0
20597,ORD0116,68,4,3200.0
20598,ORD0116,78,4,3200.0
20599,ORD0116,88,4,3200.0
20600,ORD0116,98,4,3200.0
20601,ORD0116,108,4,3200.0
20602,ORD0116,118,4,3200.0
20603,ORD0116,128,4,3200.0
20604,ORD0116,138,4,3200.0
20605,ORD0116,148,4,3200.0
20606,ORD0116,158,4,3200.0
20607,ORD0117,4,1,20.0
20608,ORD0117,14,1,20.0
20609,ORD0117,24,1,20.0
20610,ORD0117,34,1,20.0
20611,ORD0117,44,1,20.0
20612,ORD0117,54,1,20.0
20613,ORD0117,64,1,20.0
20614,ORD0117,74,1,20.0
20615,ORD0117,84,1,20.0
20616,ORD0117,94,1,20.0
20617,ORD0117,104,1,20.0
20618,ORD0117,114,1,20.0
20619,ORD0117,124,1,20.0
20620,ORD0117,134,1,20.0
20621,ORD0117,144,1,20.0
20622,ORD0117,154,1,20.0
20623,ORD0118,2,5,500.0
20624,ORD0118,12,5,500.0
20625,ORD0118,22,5,500.0
20626,ORD0118,32,5,500.0
20627,ORD0118,42,5,500.0
20628,ORD0118,52,5,500.0
20629,ORD0118,62,5,500.0
20630,ORD0118,72,5,500.0
20631,ORD0118,82,5,500.0
20632,ORD0118,92,5,500.0
20633,ORD0118,102,5,500.0
20634,ORD0118,112,5,500.0
20635,ORD0118,122,5,500.0
20636,ORD0118,132,5,500.0
20637,ORD0118,142,5,500.0
20638,ORD0118,152,5,500.0
20639,ORD0119,5,2,1000.0
20640,ORD0119,15,2,1000.0
20641,ORD0119,25,2,1000.0
20642,ORD0119,35,2,1000.0
20643,ORD0119,45,2,1000.0
20644,ORD0119,55,2,1000.0
20645,ORD0119,65,2,1000.0
20646,ORD0119,75,2,1000.0
20647,ORD0119,85,2,1000.0
20648,ORD0119,95,2,1000.0
20649,ORD0119,105,2,1000.0
20650,ORD0119,115,2,1000.0
20651,ORD0119,125,2,1000.0
20652,ORD0119,135,2,1000.0
20653,ORD0119,145,2,1000.0
20654,ORD0119,155,2,1000.0
20655,ORD0120,8,5,4000.0
20656,ORD0120,18,5,4000.0
20657,ORD0120,28,5,4000.0
20658,ORD0120,38,5,4000.0
20659,ORD0120,48,5,4000.0
20660,ORD0120,58,5,4000.0
20661,ORD0120,68,5,4000.0
20662,ORD0120,78,5,4000.0
20663,ORD0120,88,5,4000.0
20664,ORD0120,98,5,4000.0
20665,ORD0120,108,5,4000.0
20666,ORD0120,118,5,4000.0
20667,ORD0120,128,5,4000.0
20668,ORD0120,138,5,4000.0
20669,ORD0120,148,5,4000.0
20670,ORD0120,158,5,4000.0
20671,ORD0121,5,1,500.0
20672,ORD0121,15,1,500.0
20673,ORD0121,25,1,500.0
20674,ORD0121,35,1,500.0
20675,ORD0121,45,1,500.0
20676,ORD0121,55,1,500.0
20677,ORD0121,65,1,500.0
20678,ORD0121,75,1,500.0
20679,ORD0121,85,1,500.0
20680,ORD0121,95,1,500.0
20681,ORD0121,105,1,500.0
20682,ORD0121,115,1,500.0
20683,ORD0121,125,1,500.0
20684,ORD0121,135,1,500.0
20685,ORD0121,145,1,500.0
20686,ORD0121,155,1,500.0
20687,ORD0122,8,3,2400.0
20688,ORD0122,18,3,2400.0
20689,ORD0122,28,3,2400.0
20690,ORD0122,38,3,2400.0
20691,ORD0122,48,3,2400.0
20692,ORD0122,58,3,2400.0
20693,ORD0122,68,3,2400.0
20694,ORD0122,78,3,2400.0
20695,ORD0122,88,3,2400.0
20696,ORD0122,98,3,2400.0
20697,ORD0122,108,3,2400.0
20698,ORD0122,118,3,2400.0
20699,ORD0122,128,3,2400.0
20700,ORD0122,138,3,2400.0
20701,ORD0122,148,3,2400.0
20702,ORD0122,158,3,2400.0
20703,ORD0123,6,3,45.0
20704,ORD0123,16,3,45.0
20705,ORD0123,26,3,45.0
20706,ORD0123,36,3,45.0
20707,ORD0123,46,3,45.0
20708,ORD0123,56,3,45.0
20709,ORD0123,66,3,45.0
20710,ORD0123,76,3,45.0
20711,ORD0123,86,3,45.0
20712,ORD0123,96,3,45.0
20713,ORD0123,106,3,45.0
20714,ORD0123,116,3,45.0
20715,ORD0123,126,3,45.0
20716,ORD0123,136,3,45.0
20717,ORD0123,146,3,45.0
20718,ORD0123,156,3,45.0
20719,ORD0124,6,1,15.0
20720,ORD0124,16,1,15.0
20721,ORD0124,26,1,15.0
20722,ORD0124,36,1,15.0
20723,ORD0124,46,1,15.0
20724,ORD0124,56,1,15.0
20725,ORD0124,66,1,15.0
20726,ORD0124,76,1,15.0
20727,ORD0124,86,1,15.0
20728,ORD0124,96,1,15.0
20729,ORD0124,106,1,15.0
20730,ORD0124,116,1,15.0
20731,ORD0124,126,1,15.0
20732,ORD0124,136,1,15.0
20733,ORD0124,146,1,15.0
20734,ORD0124,156,1,15.0
20735,ORD0125,5,1,500.0
20736,ORD0125,15,1,500.0
20737,ORD0125,25,1,500.0
20738,ORD0125,35,1,500.0
20739,ORD0125,45,1,500.0
20740,ORD0125,55,1,500.0
20741,ORD0125,65,1,500.0
20742,ORD0125,75,1,500.0
20743,ORD0125,85,1,500.0
20744,ORD0125,95,1,500.0
20745,ORD0125,105,1,500.0
20746,ORD0125,115,1,500.0
20747,ORD0125,125,1,500.0
20748,ORD0125,135,1,500.0
20749,ORD0125,145,1,500.0
20750,ORD0125,155,1,500.0
20751,ORD0126,10,5,6000.0
20752,ORD0126,20,5,6000.0
20753,ORD0126,30,5,6000.0
20754,ORD0126,40,5,6000.0
20755,ORD0126,50,5,6000.0
20756,ORD0126,60,5,6000.0
20757,ORD0126,70,5,6000.0
20758,ORD0126,80,5,6000.0
20759,ORD0126,90,5,6000.0
20760,ORD0126,100,5,6000.0
20761,ORD0126,110,5,6000.0
20762,ORD0126,120,5,6000.0
20763,ORD0126,130,5,6000.0
20764,ORD0126,140,5,6000.0
20765,ORD0126,150,5,6000.0
20766,ORD0126,160,5,6000.0
20767,ORD0127,4,3,60.0
20768,ORD0127,14,3,60.0
20769,ORD0127,24,3,60.0
20770,ORD0127,34,3,60.0
20771,ORD0127,44,3,60.0
20772,ORD0127,54,3,60.0
20773,ORD0127,64,3,60.0
20774,ORD0127,74,3,60.0
20775,ORD0127,84,3,60.0
20776,ORD0127,94,3,60.0
20777,ORD0127,104,3,60.0
20778,ORD0127,114,3,60.0
20779,ORD0127,124,3,60.0
20780,ORD0127,134,3,60.0
20781,ORD0127,144,3,60.0
20782,ORD0127,154,3,60.0
20783,ORD0128,3,2,300.0
20784,ORD0128,13,2,300.0
20785,ORD0128,23,2,300.0
20786,ORD0128,33,2,300.0
20787,ORD0128,43,2,300.0
20788,ORD0128,53,2,300.0
20789,ORD0128,63,2,300.0
20790,ORD0128,73,2,300.0
20791,ORD0128,83,2,300.0
20792,ORD0128,93,2,300.0
20793,ORD0128,103,2,300.0
20794,ORD0128,113,2,300.0
20795,ORD0128,123,2,300.0
20796,ORD0128,133,2,300.0
20797,ORD0128,143,2,300.0
20798,ORD0128,153,2,300.0
20799,ORD0129,7,5,200.0
20800,ORD0129,17,5,200.0
20801,ORD0129,27,5,200.0
20802,ORD0129,37,5,200.0
20803,ORD0129,47,5,200.0
20804,ORD0129,57,5,200.0
20805,ORD0129,67,5,200.0
20806,ORD0129,77,5,200.0
20807,ORD0129,87,5,200.0
20808,ORD0129,97,5,200.0
20809,ORD0129,107,5,200.0
20810,ORD0129,117,5,200.0
20811,ORD0129,127,5,200.0
20812,ORD0129,137,5,200.0
20813,ORD0129,147,5,200.0
20814,ORD0129,157,5,200.0
20815,ORD0130,3,5,750.0
20816,ORD0130,13,5,750.0
20817,ORD0130,23,5,750.0
20818,ORD0130,33,5,750.0
20819,ORD0130,43,5,750.0
20820,ORD0130,53,5,750.0
20821,ORD0130,63,5,750.0
20822,ORD0130,73,5,750.0
20823,ORD0130,83,5,750.0
20824,ORD0130,93,5,750.0
20825,ORD0130,103,5,750.0
20826,ORD0130,113,5,750.0
20827,ORD0130,123,5,750.0
20828,ORD0130,133,5,750.0
20829,ORD0130,143,5,750.0
20830,ORD0130,153,5,750.0
20831,ORD0131,7,2,80.0
20832,ORD0131,17,2,80.0
20833,ORD0131,27,2,80.0
20834,ORD0131,37,2,80.0
20835,ORD0131,47,2,80.0
20836,ORD0131,57,2,80.0
20837,ORD0131,67,2,80.0
20838,ORD0131,77,2,80.0
20839,ORD0131,87,2,80.0
20840,ORD0131,97,2,80.0
20841,ORD0131,107,2,80.0
20842,ORD0131,117,2,80.0
20843,ORD0131,127,2,80.0
20844,ORD0131,137,2,80.0
20845,ORD0131,147,2,80.0
20846,ORD0131,157,2,80.0
20847,ORD0132,5,2,1000.0
20848,ORD0132,15,2,1000.0
20849,ORD0132,25,2,1000.0
20850,ORD0132,35,2,1000.0
20851,ORD0132,45,2,1000.0
20852,ORD0132,55,2,1000.0
20853,ORD0132,65,2,1000.0
20854,ORD0132,75,2,1000.0
20855,ORD0132,85,2,1000.0
20856,ORD0132,95,2,1000.0
20857,ORD0132,105,2,1000.0
20858,ORD0132,115,2,1000.0
20859,ORD0132,125,2,1000.0
20860,ORD0132,135,2,1000.0
20861,ORD0132,145,2,1000.0
20862,ORD0132,155,2,1000.0
20863,ORD0133,8,1,800.0
20864,ORD0133,18,1,800.0
20865,ORD0133,28,1,800.0
20866,ORD0133,38,1,800.0
20867,ORD0133,48,1,800.0
20868,ORD0133,58,1,800.0
20869,ORD0133,68,1,800.0
20870,ORD0133,78,1,800.0
20871,ORD0133,88,1,800.0
20872,ORD0133,98,1,800.0
20873,ORD0133,108,1,800.0
20874,ORD0133,118,1,800.0
20875,ORD0133,128,1,800.0
20876,ORD0133,138,1,800.0
20877,ORD0133,148,1,800.0
20878,ORD0133,158,1,800.0
20879,ORD0134,5,5,2500.0
20880,ORD0134,15,5,2500.0
20881,ORD0134,25,5,2500.0
20882,ORD0134,35,5,2500.0
20883,ORD0134,45,5,2500.0
20884,ORD0134,55,5,2500.0
20885,ORD0134,65,5,2500.0
20886,ORD0134,75,5,2500.0
20887,ORD0134,85,5,2500.0
20888,ORD0134,95,5,2500.0
20889,ORD0134,105,5,2500.0
20890,ORD0134,115,5,2500.0
20891,ORD0134,125,5,2500.0
20892,ORD0134,135,5,2500.0
20893,ORD0134,145,5,2500.0
20894,ORD0134,155,5,2500.0
20895,ORD0135,4,1,20.0
20896,ORD0135,14,1,20.0
20897,ORD0135,24,1,20.0
20898,ORD0135,34,1,20.0
20899,ORD0135,44,1,20.0
20900,ORD0135,54,1,20.0
20901,ORD0135,64,1,20.0
20902,ORD0135,74,1,20.0
20903,ORD0135,84,1,20.0
20904,ORD0135,94,1,20.0
20905,ORD0135,104,1,20.0
20906,ORD0135,114,1,20.0
20907,ORD0135,124,1,20.0
20908,ORD0135,134,1,20.0
20909,ORD0135,144,1,20.0
20910,ORD0135,154,1,20.0
20911,ORD0136,10,2,2400.0
20912,ORD0136,20,2,2400.0
20913,ORD0136,30,2,2400.0
20914,ORD0136,40,2,2400.0
20915,ORD0136,50,2,2400.0
20916,ORD0136,60,2,2400.0
20917,ORD0136,70,2,2400.0
20918,ORD0136,80,2,2400.0
20919,ORD0136,90,2,2400.0
20920,ORD0136,100,2,2400.0
20921,ORD0136,110,2,2400.0
20922,ORD0136,120,2,2400.0
20923,ORD0136,130,2,2400.0
20924,ORD0136,140,2,2400.0
20925,ORD0136,150,2,2400.0
20926,ORD0136,160,2,2400.0
20927,ORD0137,3,3,450.0
20928,ORD0137,13,3,450.0
20929,ORD0137,23,3,450.0
20930,ORD0137,33,3,450.0
20931,ORD0137,43,3,450.0
20932,ORD0137,53,3,450.0
20933,ORD0137,63,3,450.0
20934,ORD0137,73,3,450.0
20935,ORD0137,83,3,450.0
20936,ORD0137,93,3,450.0
20937,ORD0137,103,3,450.0
20938,ORD0137,113,3,450.0
20939,ORD0137,123,3,450.0
20940,ORD0137,133,3,450.0
20941,ORD0137,143,3,450.0
20942,ORD0137,153,3,450.0
20943,ORD0138,3,5,750.0
20944,ORD0138,13,5,750.0
20945,ORD0138,23,5,750.0
20946,ORD0138,33,5,750.0
20947,ORD0138,43,5,750.0
20948,ORD0138,53,5,750.0
20949,ORD0138,63,5,750.0
20950,ORD0138,73,5,750.0
20951,ORD0138,83,5,750.0
20952,ORD0138,93,5,750.0
20953,ORD0138,103,5,750.0
20954,ORD0138,113,5,750.0
20955,ORD0138,123,5,750.0
20956,ORD0138,133,5,750.0
20957,ORD0138,143,5,750.0
20958,ORD0138,153,5,750.0
20959,ORD0139,8,2,1600.0
20960,ORD0139,18,2,1600.0
20961,ORD0139,28,2,1600.0
20962,ORD0139,38,2,1600.0
20963,ORD0139,48,2,1600.0
20964,ORD0139,58,2,1600.0
20965,ORD0139,68,2,1600.0
20966,ORD0139,78,2,1600.0
20967,ORD0139,88,2,1600.0
20968,ORD0139,98,2,1600.0
20969,ORD0139,108,2,1600.0
20970,ORD0139,118,2,1600.0
20971,ORD0139,128,2,1600.0
20972,ORD0139,138,2,1600.0
20973,ORD0139,148,2,1600.0
20974,ORD0139,158,2,1600.0
20975,ORD0140,3,2,300.0
20976,ORD0140,13,2,300.0
20977,ORD0140,23,2,300.0
20978,ORD0140,33,2,300.0
20979,ORD0140,43,2,300.0
20980,ORD0140,53,2,300.0
20981,ORD0140,63,2,300.0
20982,ORD0140,73,2,300.0
20983,ORD0140,83,2,300.0
20984,ORD0140,93,2,300.0
20985,ORD0140,103,2,300.0
20986,ORD0140,113,2,300.0
20987,ORD0140,123,2,300.0
20988,ORD0140,133,2,300.0
20989,ORD0140,143,2,300.0
20990,ORD0140,153,2,300.0
20991,ORD0141,5,2,1000.0
20992,ORD0141,15,2,1000.0
20993,ORD0141,25,2,1000.0
20994,ORD0141,35,2,1000.0
20995,ORD0141,45,2,1000.0
20996,ORD0141,55,2,1000.0
20997,ORD0141,65,2,1000.0
20998,ORD0141,75,2,1000.0
20999,ORD0141,85,2,1000.0
21000,ORD0141,95,2,1000.0
21001,ORD0141,105,2,1000.0
21002,ORD0141,115,2,1000.0
21003,ORD0141,125,2,1000.0
21004,ORD0141,135,2,1000.0
21005,ORD0141,145,2,1000.0
21006,ORD0141,155,2,1000.0
21007,ORD0142,5,3,1500.0
21008,ORD0142,15,3,1500.0
21009,ORD0142,25,3,1500.0
21010,ORD0142,35,3,1500.0
21011,ORD0142,45,3,1500.0
21012,ORD0142,55,3,1500.0
21013,ORD0142,65,3,1500.0
21014,ORD0142,75,3,1500.0
21015,ORD0142,85,3,1500.0
21016,ORD0142,95,3,1500.0
21017,ORD0142,105,3,1500.0
21018,ORD0142,115,3,1500.0
21019,ORD0142,125,3,1500.0
21020,ORD0142,135,3,1500.0
21021,ORD0142,145,3,1500.0
21022,ORD0142,155,3,1500.0
21023,ORD0143,10,2,2400.0
21024,ORD0143,20,2,2400.0
21025,ORD0143,30,2,2400.0
21026,ORD0143,40,2,2400.0
21027,ORD0143,50,2,2400.0
21028,ORD0143,60,2,2400.0
21029,ORD0143,70,2,2400.0
21030,ORD0143,80,2,2400.0
21031,ORD0143,90,2,2400.0
21032,ORD0143,100,2,2400.0
21033,ORD0143,110,2,2400.0
21034,ORD0143,120,2,2400.0
21035,ORD0143,130,2,2400.0
21036,ORD0143,140,2,2400.0
21037,ORD0143,150,2,2400.0
21038,ORD0143,160,2,2400.0
21039,ORD0144,7,2,80.0
21040,ORD0144,17,2,80.0
21041,ORD0144,27,2,80.0
21042,ORD0144,37,2,80.0
21043,ORD0144,47,2,80.0
21044,ORD0144,57,2,80.0
21045,ORD0144,67,2,80.0
21046,ORD0144,77,2,80.0
21047,ORD0144,87,2,80.0
21048,ORD0144,97,2,80.0
21049,ORD0144,107,2,80.0
21050,ORD0144,117,2,80.0
21051,ORD0144,127,2,80.0
21052,ORD0144,137,2,80.0
21053,ORD0144,147,2,80.0
21054,ORD0144,157,2,80.0
21055,ORD0145,3,2,300.0
21056,ORD0145,13,2,300.0
21057,ORD0145,23,2,300.0
21058,ORD0145,33,2,300.0
21059,ORD0145,43,2,300.0
21060,ORD0145,53,2,300.0
21061,ORD0145,63,2,300.0
21062,ORD0145,73,2,300.0
21063,ORD0145,83,2,300.0
21064,ORD0145,93,2,300.0
21065,ORD0145,103,2,300.0
21066,ORD0145,113,2,300.0
21067,ORD0145,123,2,300.0
21068,ORD0145,133,2,300.0
21069,ORD0145,143,2,300.0
21070,ORD0145,153,2,300.0
21071,ORD0146,3,2,300.0
21072,ORD0146,13,2,300.0
21073,ORD0146,23,2,300.0
21074,ORD0146,33,2,300.0
21075,ORD0146,43,2,300.0
21076,ORD0146,53,2,300.0
21077,ORD0146,63,2,300.0
21078,ORD0146,73,2,300.0
21079,ORD0146,83,2,300.0
21080,ORD0146,93,2,300.0
21081,ORD0146,103,2,300.0
21082,ORD0146,113,2,300.0
21083,ORD0146,123,2,300.0
21084,ORD0146,133,2,300.0
21085,ORD0146,143,2,300.0
21086,ORD0146,153,2,300.0
21087,ORD0147,1,5,300.0
21088,ORD0147,11,5,300.0
21089,ORD0147,21,5,300.0
21090,ORD0147,31,5,300.0
21091,ORD0147,41,5,300.0
21092,ORD0147,51,5,300.0
21093,ORD0147,61,5,300.0
21094,ORD0147,71,5,300.0
21095,ORD0147,81,5,300.0
21096,ORD0147,91,5,300.0
21097,ORD0147,101,5,300.0
21098,ORD0147,111,5,300.0
21099,ORD0147,121,5,300.0
21100,ORD0147,131,5,300.0
21101,ORD0147,141,5,300.0
21102,ORD0147,151,5,300.0
21103,ORD0148,2,4,400.0
21104,ORD0148,12,4,400.0
21105,ORD0148,22,4,400.0
21106,ORD0148,32,4,400.0
21107,ORD0148,42,4,400.0
21108,ORD0148,52,4,400.0
21109,ORD0148,62,4,400.0
21110,ORD0148,72,4,400.0
21111,ORD0148,82,4,400.0
21112,ORD0148,92,4,400.0
21113,ORD0148,102,4,400.0
21114,ORD0148,112,4,400.0
21115,ORD0148,122,4,400.0
21116,ORD0148,132,4,400.0
21117,ORD0148,142,4,400.0
21118,ORD0148,152,4,400.0
21119,ORD0149,1,3,180.0
21120,ORD0149,11,3,180.0
21121,ORD0149,21,3,180.0
21122,ORD0149,31,3,180.0
21123,ORD0149,41,3,180.0
21124,ORD0149,51,3,180.0
21125,ORD0149,61,3,180.0
21126,ORD0149,71,3,180.0
21127,ORD0149,81,3,180.0
21128,ORD0149,91,3,180.0
21129,ORD0149,101,3,180.0
21130,ORD0149,111,3,180.0
21131,ORD0149,121,3,180.0
21132,ORD0149,131,3,180.0
21133,ORD0149,141,3,180.0
21134,ORD0149,151,3,180.0
21135,ORD0150,6,4,60.0
21136,ORD0150,16,4,60.0
21137,ORD0150,26,4,60.0
21138,ORD0150,36,4,60.0
21139,ORD0150,46,4,60.0
21140,ORD0150,56,4,60.0
21141,ORD0150,66,4,60.0
21142,ORD0150,76,4,60.0
21143,ORD0150,86,4,60.0
21144,ORD0150,96,4,60.0
21145,ORD0150,106,4,60.0
21146,ORD0150,116,4,60.0
21147,ORD0150,126,4,60.0
21148,ORD0150,136,4,60.0
21149,ORD0150,146,4,60.0
21150,ORD0150,156,4,60.0
21151,ORD0151,9,4,2400.0
21152,ORD0151,19,4,2400.0
21153,ORD0151,29,4,2400.0
21154,ORD0151,39,4,2400.0
21155,ORD0151,49,4,2400.0
21156,ORD0151,59,4,2400.0
21157,ORD0151,69,4,2400.0
21158,ORD0151,79,4,2400.0
21159,ORD0151,89,4,2400.0
21160,ORD0151,99,4,2400.0
21161,ORD0151,109,4,2400.0
21162,ORD0151,119,4,2400.0
21163,ORD0151,129,4,2400.0
21164,ORD0151,139,4,2400.0
21165,ORD0151,149,4,2400.0
21166,ORD0151,159,4,2400.0
21167,ORD0152,3,1,150.0
21168,ORD0152,13,1,150.0
21169,ORD0152,23,1,150.0
21170,ORD0152,33,1,150.0
21171,ORD0152,43,1,150.0
21172,ORD0152,53,1,150.0
21173,ORD0152,63,1,150.0
21174,ORD0152,73,1,150.0
21175,ORD0152,83,1,150.0
21176,ORD0152,93,1,150.0
21177,ORD0152,103,1,150.0
21178,ORD0152,113,1,150.0
21179,ORD0152,123,1,150.0
21180,ORD0152,133,1,150.0
21181,ORD0152,143,1,150.0
21182,ORD0152,153,1,150.0
21183,ORD0153,3,5,750.0
21184,ORD0153,13,5,750.0
21185,ORD0153,23,5,750.0
21186,ORD0153,33,5,750.0
21187,ORD0153,43,5,750.0
21188,ORD0153,53,5,750.0
21189,ORD0153,63,5,750.0
21190,ORD0153,73,5,750.0
21191,ORD0153,83,5,750.0
21192,ORD0153,93,5,750.0
21193,ORD0153,103,5,750.0
21194,ORD0153,113,5,750.0
21195,ORD0153,123,5,750.0
21196,ORD0153,133,5,750.0
21197,ORD0153,143,5,750.0
21198,ORD0153,153,5,750.0
21199,ORD0154,2,2,200.0
21200,ORD0154,12,2,200.0
21201,ORD0154,22,2,200.0
21202,ORD0154,32,2,200.0
21203,ORD0154,42,2,200.0
21204,ORD0154,52,2,200.0
21205,ORD0154,62,2,200.0
21206,ORD0154,72,2,200.0
21207,ORD0154,82,2,200.0
21208,ORD0154,92,2,200.0
21209,ORD0154,102,2,200.0
21210,ORD0154,112,2,200.0
21211,ORD0154,122,2,200.0
21212,ORD0154,132,2,200.0
21213,ORD0154,142,2,200.0
21214,ORD0154,152,2,200.0
21215,ORD0155,10,4,4800.0
21216,ORD0155,20,4,4800.0
21217,ORD0155,30,4,4800.0
21218,ORD0155,40,4,4800.0
21219,ORD0155,50,4,4800.0
21220,ORD0155,60,4,4800.0
21221,ORD0155,70,4,4800.0
21222,ORD0155,80,4,4800.0
21223,ORD0155,90,4,4800.0
21224,ORD0155,100,4,4800.0
21225,ORD0155,110,4,4800.0
21226,ORD0155,120,4,4800.0
21227,ORD0155,130,4,4800.0
21228,ORD0155,140,4,4800.0
21229,ORD0155,150,4,4800.0
21230,ORD0155,160,4,4800.0
21231,ORD0156,3,4,600.0
21232,ORD0156,13,4,600.0
21233,ORD0156,23,4,600.0
21234,ORD0156,33,4,600.0
21235,ORD0156,43,4,600.0
21236,ORD0156,53,4,600.0
21237,ORD0156,63,4,600.0
21238,ORD0156,73,4,600.0
21239,ORD0156,83,4,600.0
21240,ORD0156,93,4,600.0
21241,ORD0156,103,4,600.0
21242,ORD0156,113,4,600.0
21243,ORD0156,123,4,600.0
21244,ORD0156,133,4,600.0
21245,ORD0156,143,4,600.0
21246,ORD0156,153,4,600.0
21247,ORD0157,5,3,1500.0
21248,ORD0157,15,3,1500.0
21249,ORD0157,25,3,1500.0
21250,ORD0157,35,3,1500.0
21251,ORD0157,45,3,1500.0
21252,ORD0157,55,3,1500.0
21253,ORD0157,65,3,1500.0
21254,ORD0157,75,3,1500.0
21255,ORD0157,85,3,1500.0
21256,ORD0157,95,3,1500.0
21257,ORD0157,105,3,1500.0
21258,ORD0157,115,3,1500.0
21259,ORD0157,125,3,1500.0
21260,ORD0157,135,3,1500.0
21261,ORD0157,145,3,1500.0
21262,ORD0157,155,3,1500.0
21263,ORD0158,8,3,2400.0
21264,ORD0158,18,3,2400.0
21265,ORD0158,28,3,2400.0
21266,ORD0158,38,3,2400.0
21267,ORD0158,48,3,2400.0
21268,ORD0158,58,3,2400.0
21269,ORD0158,68,3,2400.0
21270,ORD0158,78,3,2400.0
21271,ORD0158,88,3,2400.0
21272,ORD0158,98,3,2400.0
21273,ORD0158,108,3,2400.0
21274,ORD0158,118,3,2400.0
21275,ORD0158,128,3,2400.0
21276,ORD0158,138,3,2400.0
21277,ORD0158,148,3,2400.0
21278,ORD0158,158,3,2400.0
21279,ORD0159,4,2,40.0
21280,ORD0159,14,2,40.0
21281,ORD0159,24,2,40.0
21282,ORD0159,34,2,40.0
21283,ORD0159,44,2,40.0
21284,ORD0159,54,2,40.0
21285,ORD0159,64,2,40.0
21286,ORD0159,74,2,40.0
21287,ORD0159,84,2,40.0
21288,ORD0159,94,2,40.0
21289,ORD0159,104,2,40.0
21290,ORD0159,114,2,40.0
21291,ORD0159,124,2,40.0
21292,ORD0159,134,2,40.0
21293,ORD0159,144,2,40.0
21294,ORD0159,154,2,40.0
21295,ORD0160,9,3,1800.0
21296,ORD0160,19,3,1800.0
21297,ORD0160,29,3,1800.0
21298,ORD0160,39,3,1800.0
21299,ORD0160,49,3,1800.0
21300,ORD0160,59,3,1800.0
21301,ORD0160,69,3,1800.0
21302,ORD0160,79,3,1800.0
21303,ORD0160,89,3,1800.0
21304,ORD0160,99,3,1800.0
21305,ORD0160,109,3,1800.0
21306,ORD0160,119,3,1800.0
21307,ORD0160,129,3,1800.0
21308,ORD0160,139,3,1800.0
21309,ORD0160,149,3,1800.0
21310,ORD0160,159,3,1800.0
21311,ORD0161,2,1,100.0
21312,ORD0161,12,1,100.0
21313,ORD0161,22,1,100.0
21314,ORD0161,32,1,100.0
21315,ORD0161,42,1,100.0
21316,ORD0161,52,1,100.0
21317,ORD0161,62,1,100.0
21318,ORD0161,72,1,100.0
21319,ORD0161,82,1,100.0
21320,ORD0161,92,1,100.0
21321,ORD0161,102,1,100.0
21322,ORD0161,112,1,100.0
21323,ORD0161,122,1,100.0
21324,ORD0161,132,1,100.0
21325,ORD0161,142,1,100.0
21326,ORD0161,152,1,100.0
21327,ORD0162,5,2,1000.0
21328,ORD0162,15,2,1000.0
21329,ORD0162,25,2,1000.0
21330,ORD0162,35,2,1000.0
21331,ORD0162,45,2,1000.0
21332,ORD0162,55,2,1000.0
21333,ORD0162,65,2,1000.0
21334,ORD0162,75,2,1000.0
21335,ORD0162,85,2,1000.0
21336,ORD0162,95,2,1000.0
21337,ORD0162,105,2,1000.0
21338,ORD0162,115,2,1000.0
21339,ORD0162,125,2,1000.0
21340,ORD0162,135,2,1000.0
21341,ORD0162,145,2,1000.0
21342,ORD0162,155,2,1000.0
21343,ORD0163,1,2,120.0
21344,ORD0163,11,2,120.0
21345,ORD0163,21,2,120.0
21346,ORD0163,31,2,120.0
21347,ORD0163,41,2,120.0
21348,ORD0163,51,2,120.0
21349,ORD0163,61,2,120.0
21350,ORD0163,71,2,120.0
21351,ORD0163,81,2,120.0
21352,ORD0163,91,2,120.0
21353,ORD0163,101,2,120.0
21354,ORD0163,111,2,120.0
21355,ORD0163,121,2,120.0
21356,ORD0163,131,2,120.0
21357,ORD0163,141,2,120.0
21358,ORD0163,151,2,120.0
21359,ORD0164,3,5,750.0
21360,ORD0164,13,5,750.0
21361,ORD0164,23,5,750.0
21362,ORD0164,33,5,750.0
21363,ORD0164,43,5,750.0
21364,ORD0164,53,5,750.0
21365,ORD0164,63,5,750.0
21366,ORD0164,73,5,750.0
21367,ORD0164,83,5,750.0
21368,ORD0164,93,5,750.0
21369,ORD0164,103,5,750.0
21370,ORD0164,113,5,750.0
21371,ORD0164,123,5,750.0
21372,ORD0164,133,5,750.0
21373,ORD0164,143,5,750.0
21374,ORD0164,153,5,750.0
21375,ORD0165,6,1,15.0
21376,ORD0165,16,1,15.0
21377,ORD0165,26,1,15.0
21378,ORD0165,36,1,15.0
21379,ORD0165,46,1,15.0
21380,ORD0165,56,1,15.0
21381,ORD0165,66,1,15.0
21382,ORD0165,76,1,15.0
21383,ORD0165,86,1,15.0
21384,ORD0165,96,1,15.0
21385,ORD0165,106,1,15.0
21386,ORD0165,116,1,15.0
21387,ORD0165,126,1,15.0
21388,ORD0165,136,1,15.0
21389,ORD0165,146,1,15.0
21390,ORD0165,156,1,15.0
21391,ORD0166,9,4,2400.0
21392,ORD0166,19,4,2400.0
21393,ORD0166,29,4,2400.0
21394,ORD0166,39,4,2400.0
21395,ORD0166,49,4,2400.0
21396,ORD0166,59,4,2400.0
21397,ORD0166,69,4,2400.0
21398,ORD0166,79,4,2400.0
21399,ORD0166,89,4,2400.0
21400,ORD0166,99,4,2400.0
21401,ORD0166,109,4,2400.0
21402,ORD0166,119,4,2400.0
21403,ORD0166,129,4,2400.0
21404,ORD0166,139,4,2400.0
21405,ORD0166,149,4,2400.0
21406,ORD0166,159,4,2400.0
21407,ORD0167,10,2,2400.0
21408,ORD0167,20,2,2400.0
21409,ORD0167,30,2,2400.0
21410,ORD0167,40,2,2400.0
21411,ORD0167,50,2,2400.0
21412,ORD0167,60,2,2400.0
21413,ORD0167,70,2,2400.0
21414,ORD0167,80,2,2400.0
21415,ORD0167,90,2,2400.0
21416,ORD0167,100,2,2400.0
21417,ORD0167,110,2,2400.0
21418,ORD0167,120,2,2400.0
21419,ORD0167,130,2,2400.0
21420,ORD0167,140,2,2400.0
21421,ORD0167,150,2,2400.0
21422,ORD0167,160,2,2400.0
21423,ORD0168,8,5,4000.0
21424,ORD0168,18,5,4000.0
21425,ORD0168,28,5,4000.0
21426,ORD0168,38,5,4000.0
21427,ORD0168,48,5,4000.0
21428,ORD0168,58,5,4000.0
21429,ORD0168,68,5,4000.0
21430,ORD0168,78,5,4000.0
21431,ORD0168,88,5,4000.0
21432,ORD0168,98,5,4000.0
21433,ORD0168,108,5,4000.0
21434,ORD0168,118,5,4000.0
21435,ORD0168,128,5,4000.0
21436,ORD0168,138,5,4000.0
21437,ORD0168,148,5,4000.0
21438,ORD0168,158,5,4000.0
21439,ORD0169,10,2,2400.0
21440,ORD0169,20,2,2400.0
21441,ORD0169,30,2,2400.0
21442,ORD0169,40,2,2400.0
21443,ORD0169,50,2,2400.0
21444,ORD0169,60,2,2400.0
21445,ORD0169,70,2,2400.0
21446,ORD0169,80,2,2400.0
21447,ORD0169,90,2,2400.0
21448,ORD0169,100,2,2400.0
21449,ORD0169,110,2,2400.0
21450,ORD0169,120,2,2400.0
21451,ORD0169,130,2,2400.0
21452,ORD0169,140,2,2400.0
21453,ORD0169,150,2,2400.0
21454,ORD0169,160,2,2400.0
21455,ORD0170,8,1,800.0
21456,ORD0170,18,1,800.0
21457,ORD0170,28,1,800.0
21458,ORD0170,38,1,800.0
21459,ORD0170,48,1,800.0
21460,ORD0170,58,1,800.0
21461,ORD0170,68,1,800.0
21462,ORD0170,78,1,800.0
21463,ORD0170,88,1,800.0
21464,ORD0170,98,1,800.0
21465,ORD0170,108,1,800.0
21466,ORD0170,118,1,800.0
21467,ORD0170,128,1,800.0
21468,ORD0170,138,1,800.0
21469,ORD0170,148,1,800.0
21470,ORD0170,158,1,800.0
21471,ORD0171,3,2,300.0
21472,ORD0171,13,2,300.0
21473,ORD0171,23,2,300.0
21474,ORD0171,33,2,300.0
21475,ORD0171,43,2,300.0
21476,ORD0171,53,2,300.0
21477,ORD0171,63,2,300.0
21478,ORD0171,73,2,300.0
21479,ORD0171,83,2,300.0
21480,ORD0171,93,2,300.0
21481,ORD0171,103,2,300.0
21482,ORD0171,113,2,300.0
21483,ORD0171,123,2,300.0
21484,ORD0171,133,2,300.0
21485,ORD0171,143,2,300.0
21486,ORD0171,153,2,300.0
21487,ORD0172,6,1,15.0
21488,ORD0172,16,1,15.0
21489,ORD0172,26,1,15.0
21490,ORD0172,36,1,15.0
21491,ORD0172,46,1,15.0
21492,ORD0172,56,1,15.0
21493,ORD0172,66,1,15.0
21494,ORD0172,76,1,15.0
21495,ORD0172,86,1,15.0
21496,ORD0172,96,1,15.0
21497,ORD0172,106,1,15.0
21498,ORD0172,116,1,15.0
21499,ORD0172,126,1,15.0
21500,ORD0172,136,1,15.0
21501,ORD0172,146,1,15.0
21502,ORD0172,156,1,15.0
21503,ORD0173,10,1,1200.0
21504,ORD0173,20,1,1200.0
21505,ORD0173,30,1,1200.0
21506,ORD0173,40,1,1200.0
21507,ORD0173,50,1,1200.0
21508,ORD0173,60,1,1200.0
21509,ORD0173,70,1,1200.0
21510,ORD0173,80,1,1200.0
21511,ORD0173,90,1,1200.0
21512,ORD0173,100,1,1200.0
21513,ORD0173,110,1,1200.0
21514,ORD0173,120,1,1200.0
21515,ORD0173,130,1,1200.0
21516,ORD0173,140,1,1200.0
21517,ORD0173,150,1,1200.0
21518,ORD0173,160,1,1200.0
21519,ORD0174,3,2,300.0
21520,ORD0174,13,2,300.0
21521,ORD0174,23,2,300.0
21522,ORD0174,33,2,300.0
21523,ORD0174,43,2,300.0
21524,ORD0174,53,2,300.0
21525,ORD0174,63,2,300.0
21526,ORD0174,73,2,300.0
21527,ORD0174,83,2,300.0
21528,ORD0174,93,2,300.0
21529,ORD0174,103,2,300.0
21530,ORD0174,113,2,300.0
21531,ORD0174,123,2,300.0
21532,ORD0174,133,2,300.0
21533,ORD0174,143,2,300.0
21534,ORD0174,153,2,300.0
21535,ORD0175,7,5,200.0
21536,ORD0175,17,5,200.0
21537,ORD0175,27,5,200.0
21538,ORD0175,37,5,200.0
21539,ORD0175,47,5,200.0
21540,ORD0175,57,5,200.0
21541,ORD0175,67,5,200.0
21542,ORD0175,77,5,200.0
21543,ORD0175,87,5,200.0
21544,ORD0175,97,5,200.0
21545,ORD0175,107,5,200.0
21546,ORD0175,117,5,200.0
21547,ORD0175,127,5,200.0
21548,ORD0175,137,5,200.0
21549,ORD0175,147,5,200.0
21550,ORD0175,157,5,200.0
21551,ORD0176,6,1,15.0
21552,ORD0176,16,1,15.0
21553,ORD0176,26,1,15.0
21554,ORD0176,36,1,15.0
21555,ORD0176,46,1,15.0
21556,ORD0176,56,1,15.0
21557,ORD0176,66,1,15.0
21558,ORD0176,76,1,15.0
21559,ORD0176,86,1,15.0
21560,ORD0176,96,1,15.0
21561,ORD0176,106,1,15.0
21562,ORD0176,116,1,15.0
21563,ORD0176,126,1,15.0
21564,ORD0176,136,1,15.0
21565,ORD0176,146,1,15.0
21566,ORD0176,156,1,15.0
21567,ORD0177,6,5,75.0
21568,ORD0177,16,5,75.0
21569,ORD0177,26,5,75.0
21570,ORD0177,36,5,75.0
21571,ORD0177,46,5,75.0
21572,ORD0177,56,5,75.0
21573,ORD0177,66,5,75.0
21574,ORD0177,76,5,75.0
21575,ORD0177,86,5,75.0
21576,ORD0177,96,5,75.0
21577,ORD0177,106,5,75.0
21578,ORD0177,116,5,75.0
21579,ORD0177,126,5,75.0
21580,ORD0177,136,5,75.0
21581,ORD0177,146,5,75.0
21582,ORD0177,156,5,75.0
21583,ORD0178,5,3,1500.0
21584,ORD0178,15,3,1500.0
21585,ORD0178,25,3,1500.0
21586,ORD0178,35,3,1500.0
21587,ORD0178,45,3,1500.0
21588,ORD0178,55,3,1500.0
21589,ORD0178,65,3,1500.0
21590,ORD0178,75,3,1500.0
21591,ORD0178,85,3,1500.0
21592,ORD0178,95,3,1500.0
21593,ORD0178,105,3,1500.0
21594,ORD0178,115,3,1500.0
21595,ORD0178,125,3,1500.0
21596,ORD0178,135,3,1500.0
21597,ORD0178,145,3,1500.0
21598,ORD0178,155,3,1500.0
21599,ORD0179,7,1,40.0
21600,ORD0179,17,1,40.0
21601,ORD0179,27,1,40.0
21602,ORD0179,37,1,40.0
21603,ORD0179,47,1,40.0
21604,ORD0179,57,1,40.0
21605,ORD0179,67,1,40.0
21606,ORD0179,77,1,40.0
21607,ORD0179,87,1,40.0
21608,ORD0179,97,1,40.0
21609,ORD0179,107,1,40.0
21610,ORD0179,117,1,40.0
21611,ORD0179,127,1,40.0
21612,ORD0179,137,1,40.0
21613,ORD0179,147,1,40.0
21614,ORD0179,157,1,40.0
21615,ORD0180,10,3,3600.0
21616,ORD0180,20,3,3600.0
21617,ORD0180,30,3,3600.0
21618,ORD0180,40,3,3600.0
21619,ORD0180,50,3,3600.0
21620,ORD0180,60,3,3600.0
21621,ORD0180,70,3,3600.0
21622,ORD0180,80,3,3600.0
21623,ORD0180,90,3,3600.0
21624,ORD0180,100,3,3600.0
21625,ORD0180,110,3,3600.0
21626,ORD0180,120,3,3600.0
21627,ORD0180,130,3,3600.0
21628,ORD0180,140,3,3600.0
21629,ORD0180,150,3,3600.0
21630,ORD0180,160,3,3600.0
21631,ORD0181,1,2,120.0
21632,ORD0181,11,2,120.0
21633,ORD0181,21,2,120.0
21634,ORD0181,31,2,120.0
21635,ORD0181,41,2,120.0
21636,ORD0181,51,2,120.0
21637,ORD0181,61,2,120.0
21638,ORD0181,71,2,120.0
21639,ORD0181,81,2,120.0
21640,ORD0181,91,2,120.0
21641,ORD0181,101,2,120.0
21642,ORD0181,111,2,120.0
21643,ORD0181,121,2,120.0
21644,ORD0181,131,2,120.0
21645,ORD0181,141,2,120.0
21646,ORD0181,151,2,120.0
21647,ORD0182,4,5,100.0
21648,ORD0182,14,5,100.0
21649,ORD0182,24,5,100.0
21650,ORD0182,34,5,100.0
21651,ORD0182,44,5,100.0
21652,ORD0182,54,5,100.0
21653,ORD0182,64,5,100.0
21654,ORD0182,74,5,100.0
21655,ORD0182,84,5,100.0
21656,ORD0182,94,5,100.0
21657,ORD0182,104,5,100.0
21658,ORD0182,114,5,100.0
21659,ORD0182,124,5,100.0
21660,ORD0182,134,5,100.0
21661,ORD0182,144,5,100.0
21662,ORD0182,154,5,100.0
21663,ORD0183,9,1,600.0
21664,ORD0183,19,1,600.0
21665,ORD0183,29,1,600.0
21666,ORD0183,39,1,600.0
21667,ORD0183,49,1,600.0
21668,ORD0183,59,1,600.0
21669,ORD0183,69,1,600.0
21670,ORD0183,79,1,600.0
21671,ORD0183,89,1,600.0
21672,ORD0183,99,1,600.0
21673,ORD0183,109,1,600.0
21674,ORD0183,119,1,600.0
21675,ORD0183,129,1,600.0
21676,ORD0183,139,1,600.0
21677,ORD0183,149,1,600.0
21678,ORD0183,159,1,600.0
21679,ORD0184,6,5,75.0
21680,ORD0184,16,5,75.0
21681,ORD0184,26,5,75.0
21682,ORD0184,36,5,75.0
21683,ORD0184,46,5,75.0
21684,ORD0184,56,5,75.0
21685,ORD0184,66,5,75.0
21686,ORD0184,76,5,75.0
21687,ORD0184,86,5,75.0
21688,ORD0184,96,5,75.0
21689,ORD0184,106,5,75.0
21690,ORD0184,116,5,75.0
21691,ORD0184,126,5,75.0
21692,ORD0184,136,5,75.0
21693,ORD0184,146,5,75.0
21694,ORD0184,156,5,75.0
21695,ORD0185,4,1,20.0
21696,ORD0185,14,1,20.0
21697,ORD0185,24,1,20.0
21698,ORD0185,34,1,20.0
21699,ORD0185,44,1,20.0
21700,ORD0185,54,1,20.0
21701,ORD0185,64,1,20.0
21702,ORD0185,74,1,20.0
21703,ORD0185,84,1,20.0
21704,ORD0185,94,1,20.0
21705,ORD0185,104,1,20.0
21706,ORD0185,114,1,20.0
21707,ORD0185,124,1,20.0
21708,ORD0185,134,1,20.0
21709,ORD0185,144,1,20.0
21710,ORD0185,154,1,20.0
21711,ORD0186,9,4,2400.0
21712,ORD0186,19,4,2400.0
21713,ORD0186,29,4,2400.0
21714,ORD0186,39,4,2400.0
21715,ORD0186,49,4,2400.0
21716,ORD0186,59,4,2400.0
21717,ORD0186,69,4,2400.0
21718,ORD0186,79,4,2400.0
21719,ORD0186,89,4,2400.0
21720,ORD0186,99,4,2400.0
21721,ORD0186,109,4,2400.0
21722,ORD0186,119,4,2400.0
21723,ORD0186,129,4,2400.0
21724,ORD0186,139,4,2400.0
21725,ORD0186,149,4,2400.0
21726,ORD0186,159,4,2400.0
21727,ORD0187,8,3,2400.0
21728,ORD0187,18,3,2400.0
21729,ORD0187,28,3,2400.0
21730,ORD0187,38,3,2400.0
21731,ORD0187,48,3,2400.0
21732,ORD0187,58,3,2400.0
21733,ORD0187,68,3,2400.0
21734,ORD0187,78,3,2400.0
21735,ORD0187,88,3,2400.0
21736,ORD0187,98,3,2400.0
21737,ORD0187,108,3,2400.0
21738,ORD0187,118,3,2400.0
21739,ORD0187,128,3,2400.0
21740,ORD0187,138,3,2400.0
21741,ORD0187,148,3,2400.0
21742,ORD0187,158,3,2400.0
21743,ORD0188,6,1,15.0
21744,ORD0188,16,1,15.0
21745,ORD0188,26,1,15.0
21746,ORD0188,36,1,15.0
21747,ORD0188,46,1,15.0
21748,ORD0188,56,1,15.0
21749,ORD0188,66,1,15.0
21750,ORD0188,76,1,15.0
21751,ORD0188,86,1,15.0
21752,ORD0188,96,1,15.0
21753,ORD0188,106,1,15.0
21754,ORD0188,116,1,15.0
21755,ORD0188,126,1,15.0
21756,ORD0188,136,1,15.0
21757,ORD0188,146,1,15.0
21758,ORD0188,156,1,15.0
21759,ORD0189,8,3,2400.0
21760,ORD0189,18,3,2400.0
21761,ORD0189,28,3,2400.0
21762,ORD0189,38,3,2400.0
21763,ORD0189,48,3,2400.0
21764,ORD0189,58,3,2400.0
21765,ORD0189,68,3,2400.0
21766,ORD0189,78,3,2400.0
21767,ORD0189,88,3,2400.0
21768,ORD0189,98,3,2400.0
21769,ORD0189,108,3,2400.0
21770,ORD0189,118,3,2400.0
21771,ORD0189,128,3,2400.0
21772,ORD0189,138,3,2400.0
21773,ORD0189,148,3,2400.0
21774,ORD0189,158,3,2400.0
21775,ORD0190,1,1,60.0
21776,ORD0190,11,1,60.0
21777,ORD0190,21,1,60.0
21778,ORD0190,31,1,60.0
21779,ORD0190,41,1,60.0
21780,ORD0190,51,1,60.0
21781,ORD0190,61,1,60.0
21782,ORD0190,71,1,60.0
21783,ORD0190,81,1,60.0
21784,ORD0190,91,1,60.0
21785,ORD0190,101,1,60.0
21786,ORD0190,111,1,60.0
21787,ORD0190,121,1,60.0
21788,ORD0190,131,1,60.0
21789,ORD0190,141,1,60.0
21790,ORD0190,151,1,60.0
21791,ORD0191,7,4,160.0
21792,ORD0191,17,4,160.0
21793,ORD0191,27,4,160.0
21794,ORD0191,37,4,160.0
21795,ORD0191,47,4,160.0
21796,ORD0191,57,4,160.0
21797,ORD0191,67,4,160.0
21798,ORD0191,77,4,160.0
21799,ORD0191,87,4,160.0
21800,ORD0191,97,4,160.0
21801,ORD0191,107,4,160.0
21802,ORD0191,117,4,160.0
21803,ORD0191,127,4,160.0
21804,ORD0191,137,4,160.0
21805,ORD0191,147,4,160.0
21806,ORD0191,157,4,160.0
21807,ORD0192,2,3,300.0
21808,ORD0192,12,3,300.0
21809,ORD0192,22,3,300.0
21810,ORD0192,32,3,300.0
21811,ORD0192,42,3,300.0
21812,ORD0192,52,3,300.0
21813,ORD0192,62,3,300.0
21814,ORD0192,72,3,300.0
21815,ORD0192,82,3,300.0
21816,ORD0192,92,3,300.0
21817,ORD0192,102,3,300.0
21818,ORD0192,112,3,300.0
21819,ORD0192,122,3,300.0
21820,ORD0192,132,3,300.0
21821,ORD0192,142,3,300.0
21822,ORD0192,152,3,300.0
21823,ORD0193,6,5,75.0
21824,ORD0193,16,5,75.0
21825,ORD0193,26,5,75.0
21826,ORD0193,36,5,75.0
21827,ORD0193,46,5,75.0
21828,ORD0193,56,5,75.0
21829,ORD0193,66,5,75.0
21830,ORD0193,76,5,75.0
21831,ORD0193,86,5,75.0
21832,ORD0193,96,5,75.0
21833,ORD0193,106,5,75.0
21834,ORD0193,116,5,75.0
21835,ORD0193,126,5,75.0
21836,ORD0193,136,5,75.0
21837,ORD0193,146,5,75.0
21838,ORD0193,156,5,75.0
21839,ORD0194,7,4,160.0
21840,ORD0194,17,4,160.0
21841,ORD0194,27,4,160.0
21842,ORD0194,37,4,160.0
21843,ORD0194,47,4,160.0
21844,ORD0194,57,4,160.0
21845,ORD0194,67,4,160.0
21846,ORD0194,77,4,160.0
21847,ORD0194,87,4,160.0
21848,ORD0194,97,4,160.0
21849,ORD0194,107,4,160.0
21850,ORD0194,117,4,160.0
21851,ORD0194,127,4,160.0
21852,ORD0194,137,4,160.0
21853,ORD0194,147,4,160.0
21854,ORD0194,157,4,160.0
21855,ORD0195,5,3,1500.0
21856,ORD0195,15,3,1500.0
21857,ORD0195,25,3,1500.0
21858,ORD0195,35,3,1500.0
21859,ORD0195,45,3,1500.0
21860,ORD0195,55,3,1500.0
21861,ORD0195,65,3,1500.0
21862,ORD0195,75,3,1500.0
21863,ORD0195,85,3,1500.0
21864,ORD0195,95,3,1500.0
21865,ORD0195,105,3,1500.0
21866,ORD0195,115,3,1500.0
21867,ORD0195,125,3,1500.0
21868,ORD0195,135,3,1500.0
21869,ORD0195,145,3,1500.0
21870,ORD0195,155,3,1500.0
21871,ORD0196,2,5,500.0
21872,ORD0196,12,5,500.0
21873,ORD0196,22,5,500.0
21874,ORD0196,32,5,500.0
21875,ORD0196,42,5,500.0
21876,ORD0196,52,5,500.0
21877,ORD0196,62,5,500.0
21878,ORD0196,72,5,500.0
21879,ORD0196,82,5,500.0
21880,ORD0196,92,5,500.0
21881,ORD0196,102,5,500.0
21882,ORD0196,112,5,500.0
21883,ORD0196,122,5,500.0
21884,ORD0196,132,5,500.0
21885,ORD0196,142,5,500.0
21886,ORD0196,152,5,500.0
21887,ORD0197,1,2,120.0
21888,ORD0197,11,2,120.0
21889,ORD0197,21,2,120.0
21890,ORD0197,31,2,120.0
21891,ORD0197,41,2,120.0
21892,ORD0197,51,2,120.0
21893,ORD0197,61,2,120.0
21894,ORD0197,71,2,120.0
21895,ORD0197,81,2,120.0
21896,ORD0197,91,2,120.0
21897,ORD0197,101,2,120.0
21898,ORD0197,111,2,120.0
21899,ORD0197,121,2,120.0
21900,ORD0197,131,2,120.0
21901,ORD0197,141,2,120.0
21902,ORD0197,151,2,120.0
21903,ORD0198,8,4,3200.0
21904,ORD0198,18,4,3200.0
21905,ORD0198,28,4,3200.0
21906,ORD0198,38,4,3200.0
21907,ORD0198,48,4,3200.0
21908,ORD0198,58,4,3200.0
21909,ORD0198,68,4,3200.0
21910,ORD0198,78,4,3200.0
21911,ORD0198,88,4,3200.0
21912,ORD0198,98,4,3200.0
21913,ORD0198,108,4,3200.0
21914,ORD0198,118,4,3200.0
21915,ORD0198,128,4,3200.0
21916,ORD0198,138,4,3200.0
21917,ORD0198,148,4,3200.0
21918,ORD0198,158,4,3200.0
21919,ORD0199,5,3,1500.0
21920,ORD0199,15,3,1500.0
21921,ORD0199,25,3,1500.0
21922,ORD0199,35,3,1500.0
21923,ORD0199,45,3,1500.0
21924,ORD0199,55,3,1500.0
21925,ORD0199,65,3,1500.0
21926,ORD0199,75,3,1500.0
21927,ORD0199,85,3,1500.0
21928,ORD0199,95,3,1500.0
21929,ORD0199,105,3,1500.0
21930,ORD0199,115,3,1500.0
21931,ORD0199,125,3,1500.0
21932,ORD0199,135,3,1500.0
21933,ORD0199,145,3,1500.0
21934,ORD0199,155,3,1500.0
21935,ORD0200,6,2,30.0
21936,ORD0200,16,2,30.0
21937,ORD0200,26,2,30.0
21938,ORD0200,36,2,30.0
21939,ORD0200,46,2,30.0
21940,ORD0200,56,2,30.0
21941,ORD0200,66,2,30.0
21942,ORD0200,76,2,30.0
21943,ORD0200,86,2,30.0
21944,ORD0200,96,2,30.0
21945,ORD0200,106,2,30.0
21946,ORD0200,116,2,30.0
21947,ORD0200,126,2,30.0
21948,ORD0200,136,2,30.0
21949,ORD0200,146,2,30.0
21950,ORD0200,156,2,30.0
21951,ORD0201,6,4,60.0
21952,ORD0201,16,4,60.0
21953,ORD0201,26,4,60.0
21954,ORD0201,36,4,60.0
21955,ORD0201,46,4,60.0
21956,ORD0201,56,4,60.0
21957,ORD0201,66,4,60.0
21958,ORD0201,76,4,60.0
21959,ORD0201,86,4,60.0
21960,ORD0201,96,4,60.0
21961,ORD0201,106,4,60.0
21962,ORD0201,116,4,60.0
21963,ORD0201,126,4,60.0
21964,ORD0201,136,4,60.0
21965,ORD0201,146,4,60.0
21966,ORD0201,156,4,60.0
21967,ORD0202,5,2,1000.0
21968,ORD0202,15,2,1000.0
21969,ORD0202,25,2,1000.0
21970,ORD0202,35,2,1000.0
21971,ORD0202,45,2,1000.0
21972,ORD0202,55,2,1000.0
21973,ORD0202,65,2,1000.0
21974,ORD0202,75,2,1000.0
21975,ORD0202,85,2,1000.0
21976,ORD0202,95,2,1000.0
21977,ORD0202,105,2,1000.0
21978,ORD0202,115,2,1000.0
21979,ORD0202,125,2,1000.0
21980,ORD0202,135,2,1000.0
21981,ORD0202,145,2,1000.0
21982,ORD0202,155,2,1000.0
21983,ORD0203,10,3,3600.0
21984,ORD0203,20,3,3600.0
21985,ORD0203,30,3,3600.0
21986,ORD0203,40,3,3600.0
21987,ORD0203,50,3,3600.0
21988,ORD0203,60,3,3600.0
21989,ORD0203,70,3,3600.0
21990,ORD0203,80,3,3600.0
21991,ORD0203,90,3,3600.0
21992,ORD0203,100,3,3600.0
21993,ORD0203,110,3,3600.0
21994,ORD0203,120,3,3600.0
21995,ORD0203,130,3,3600.0
21996,ORD0203,140,3,3600.0
21997,ORD0203,150,3,3600.0
21998,ORD0203,160,3,3600.0
21999,ORD0204,1,5,300.0
22000,ORD0204,11,5,300.0
22001,ORD0204,21,5,300.0
22002,ORD0204,31,5,300.0
22003,ORD0204,41,5,300.0
22004,ORD0204,51,5,300.0
22005,ORD0204,61,5,300.0
22006,ORD0204,71,5,300.0
22007,ORD0204,81,5,300.0
22008,ORD0204,91,5,300.0
22009,ORD0204,101,5,300.0
22010,ORD0204,111,5,300.0
22011,ORD0204,121,5,300.0
22012,ORD0204,131,5,300.0
22013,ORD0204,141,5,300.0
22014,ORD0204,151,5,300.0
22015,ORD0205,2,2,200.0
22016,ORD0205,12,2,200.0
22017,ORD0205,22,2,200.0
22018,ORD0205,32,2,200.0
22019,ORD0205,42,2,200.0
22020,ORD0205,52,2,200.0
22021,ORD0205,62,2,200.0
22022,ORD0205,72,2,200.0
22023,ORD0205,82,2,200.0
22024,ORD0205,92,2,200.0
22025,ORD0205,102,2,200.0
22026,ORD0205,112,2,200.0
22027,ORD0205,122,2,200.0
22028,ORD0205,132,2,200.0
22029,ORD0205,142,2,200.0
22030,ORD0205,152,2,200.0
22031,ORD0206,9,5,3000.0
22032,ORD0206,19,5,3000.0
22033,ORD0206,29,5,3000.0
22034,ORD0206,39,5,3000.0
22035,ORD0206,49,5,3000.0
22036,ORD0206,59,5,3000.0
22037,ORD0206,69,5,3000.0
22038,ORD0206,79,5,3000.0
22039,ORD0206,89,5,3000.0
22040,ORD0206,99,5,3000.0
22041,ORD0206,109,5,3000.0
22042,ORD0206,119,5,3000.0
22043,ORD0206,129,5,3000.0
22044,ORD0206,139,5,3000.0
22045,ORD0206,149,5,3000.0
22046,ORD0206,159,5,3000.0
22047,ORD0207,9,1,600.0
22048,ORD0207,19,1,600.0
22049,ORD0207,29,1,600.0
22050,ORD0207,39,1,600.0
22051,ORD0207,49,1,600.0
22052,ORD0207,59,1,600.0
22053,ORD0207,69,1,600.0
22054,ORD0207,79,1,600.0
22055,ORD0207,89,1,600.0
22056,ORD0207,99,1,600.0
22057,ORD0207,109,1,600.0
22058,ORD0207,119,1,600.0
22059,ORD0207,129,1,600.0
22060,ORD0207,139,1,600.0
22061,ORD0207,149,1,600.0
22062,ORD0207,159,1,600.0
22063,ORD0208,10,3,3600.0
22064,ORD0208,20,3,3600.0
22065,ORD0208,30,3,3600.0
22066,ORD0208,40,3,3600.0
22067,ORD0208,50,3,3600.0
22068,ORD0208,60,3,3600.0
22069,ORD0208,70,3,3600.0
22070,ORD0208,80,3,3600.0
22071,ORD0208,90,3,3600.0
22072,ORD0208,100,3,3600.0
22073,ORD0208,110,3,3600.0
22074,ORD0208,120,3,3600.0
22075,ORD0208,130,3,3600.0
22076,ORD0208,140,3,3600.0
22077,ORD0208,150,3,3600.0
22078,ORD0208,160,3,3600.0
22079,ORD0209,7,5,200.0
22080,ORD0209,17,5,200.0
22081,ORD0209,27,5,200.0
22082,ORD0209,37,5,200.0
22083,ORD0209,47,5,200.0
22084,ORD0209,57,5,200.0
22085,ORD0209,67,5,200.0
22086,ORD0209,77,5,200.0
22087,ORD0209,87,5,200.0
22088,ORD0209,97,5,200.0
22089,ORD0209,107,5,200.0
22090,ORD0209,117,5,200.0
22091,ORD0209,127,5,200.0
22092,ORD0209,137,5,200.0
22093,ORD0209,147,5,200.0
22094,ORD0209,157,5,200.0
22095,ORD0210,8,3,2400.0
22096,ORD0210,18,3,2400.0
22097,ORD0210,28,3,2400.0
22098,ORD0210,38,3,2400.0
22099,ORD0210,48,3,2400.0
22100,ORD0210,58,3,2400.0
22101,ORD0210,68,3,2400.0
22102,ORD0210,78,3,2400.0
22103,ORD0210,88,3,2400.0
22104,ORD0210,98,3,2400.0
22105,ORD0210,108,3,2400.0
22106,ORD0210,118,3,2400.0
22107,ORD0210,128,3,2400.0
22108,ORD0210,138,3,2400.0
22109,ORD0210,148,3,2400.0
22110,ORD0210,158,3,2400.0
22111,ORD0211,5,1,500.0
22112,ORD0211,15,1,500.0
22113,ORD0211,25,1,500.0
22114,ORD0211,35,1,500.0
22115,ORD0211,45,1,500.0
22116,ORD0211,55,1,500.0
22117,ORD0211,65,1,500.0
22118,ORD0211,75,1,500.0
22119,ORD0211,85,1,500.0
22120,ORD0211,95,1,500.0
22121,ORD0211,105,1,500.0
22122,ORD0211,115,1,500.0
22123,ORD0211,125,1,500.0
22124,ORD0211,135,1,500.0
22125,ORD0211,145,1,500.0
22126,ORD0211,155,1,500.0
22127,ORD0212,4,4,80.0
22128,ORD0212,14,4,80.0
22129,ORD0212,24,4,80.0
22130,ORD0212,34,4,80.0
22131,ORD0212,44,4,80.0
22132,ORD0212,54,4,80.0
22133,ORD0212,64,4,80.0
22134,ORD0212,74,4,80.0
22135,ORD0212,84,4,80.0
22136,ORD0212,94,4,80.0
22137,ORD0212,104,4,80.0
22138,ORD0212,114,4,80.0
22139,ORD0212,124,4,80.0
22140,ORD0212,134,4,80.0
22141,ORD0212,144,4,80.0
22142,ORD0212,154,4,80.0
22143,ORD0213,8,1,800.0
22144,ORD0213,18,1,800.0
22145,ORD0213,28,1,800.0
22146,ORD0213,38,1,800.0
22147,ORD0213,48,1,800.0
22148,ORD0213,58,1,800.0
22149,ORD0213,68,1,800.0
22150,ORD0213,78,1,800.0
22151,ORD0213,88,1,800.0
22152,ORD0213,98,1,800.0
22153,ORD0213,108,1,800.0
22154,ORD0213,118,1,800.0
22155,ORD0213,128,1,800.0
22156,ORD0213,138,1,800.0
22157,ORD0213,148,1,800.0
22158,ORD0213,158,1,800.0
22159,ORD0214,3,5,750.0
22160,ORD0214,13,5,750.0
22161,ORD0214,23,5,750.0
22162,ORD0214,33,5,750.0
22163,ORD0214,43,5,750.0
22164,ORD0214,53,5,750.0
22165,ORD0214,63,5,750.0
22166,ORD0214,73,5,750.0
22167,ORD0214,83,5,750.0
22168,ORD0214,93,5,750.0
22169,ORD0214,103,5,750.0
22170,ORD0214,113,5,750.0
22171,ORD0214,123,5,750.0
22172,ORD0214,133,5,750.0
22173,ORD0214,143,5,750.0
22174,ORD0214,153,5,750.0
22175,ORD0215,1,1,60.0
22176,ORD0215,11,1,60.0
22177,ORD0215,21,1,60.0
22178,ORD0215,31,1,60.0
22179,ORD0215,41,1,60.0
22180,ORD0215,51,1,60.0
22181,ORD0215,61,1,60.0
22182,ORD0215,71,1,60.0
22183,ORD0215,81,1,60.0
22184,ORD0215,91,1,60.0
22185,ORD0215,101,1,60.0
22186,ORD0215,111,1,60.0
22187,ORD0215,121,1,60.0
22188,ORD0215,131,1,60.0
22189,ORD0215,141,1,60.0
22190,ORD0215,151,1,60.0
22191,ORD0216,7,2,80.0
22192,ORD0216,17,2,80.0
22193,ORD0216,27,2,80.0
22194,ORD0216,37,2,80.0
22195,ORD0216,47,2,80.0
22196,ORD0216,57,2,80.0
22197,ORD0216,67,2,80.0
22198,ORD0216,77,2,80.0
22199,ORD0216,87,2,80.0
22200,ORD0216,97,2,80.0
22201,ORD0216,107,2,80.0
22202,ORD0216,117,2,80.0
22203,ORD0216,127,2,80.0
22204,ORD0216,137,2,80.0
22205,ORD0216,147,2,80.0
22206,ORD0216,157,2,80.0
22207,ORD0217,1,2,120.0
22208,ORD0217,11,2,120.0
22209,ORD0217,21,2,120.0
22210,ORD0217,31,2,120.0
22211,ORD0217,41,2,120.0
22212,ORD0217,51,2,120.0
22213,ORD0217,61,2,120.0
22214,ORD0217,71,2,120.0
22215,ORD0217,81,2,120.0
22216,ORD0217,91,2,120.0
22217,ORD0217,101,2,120.0
22218,ORD0217,111,2,120.0
22219,ORD0217,121,2,120.0
22220,ORD0217,131,2,120.0
22221,ORD0217,141,2,120.0
22222,ORD0217,151,2,120.0
22223,ORD0218,2,4,400.0
22224,ORD0218,12,4,400.0
22225,ORD0218,22,4,400.0
22226,ORD0218,32,4,400.0
22227,ORD0218,42,4,400.0
22228,ORD0218,52,4,400.0
22229,ORD0218,62,4,400.0
22230,ORD0218,72,4,400.0
22231,ORD0218,82,4,400.0
22232,ORD0218,92,4,400.0
22233,ORD0218,102,4,400.0
22234,ORD0218,112,4,400.0
22235,ORD0218,122,4,400.0
22236,ORD0218,132,4,400.0
22237,ORD0218,142,4,400.0
22238,ORD0218,152,4,400.0
22239,ORD0219,2,3,300.0
22240,ORD0219,12,3,300.0
22241,ORD0219,22,3,300.0
22242,ORD0219,32,3,300.0
22243,ORD0219,42,3,300.0
22244,ORD0219,52,3,300.0
22245,ORD0219,62,3,300.0
22246,ORD0219,72,3,300.0
22247,ORD0219,82,3,300.0
22248,ORD0219,92,3,300.0
22249,ORD0219,102,3,300.0
22250,ORD0219,112,3,300.0
22251,ORD0219,122,3,300.0
22252,ORD0219,132,3,300.0
22253,ORD0219,142,3,300.0
22254,ORD0219,152,3,300.0
22255,ORD0220,3,3,450.0
22256,ORD0220,13,3,450.0
22257,ORD0220,23,3,450.0
22258,ORD0220,33,3,450.0
22259,ORD0220,43,3,450.0
22260,ORD0220,53,3,450.0
22261,ORD0220,63,3,450.0
22262,ORD0220,73,3,450.0
22263,ORD0220,83,3,450.0
22264,ORD0220,93,3,450.0
22265,ORD0220,103,3,450.0
22266,ORD0220,113,3,450.0
22267,ORD0220,123,3,450.0
22268,ORD0220,133,3,450.0
22269,ORD0220,143,3,450.0
22270,ORD0220,153,3,450.0
22271,ORD0221,9,2,1200.0
22272,ORD0221,19,2,1200.0
22273,ORD0221,29,2,1200.0
22274,ORD0221,39,2,1200.0
22275,ORD0221,49,2,1200.0
22276,ORD0221,59,2,1200.0
22277,ORD0221,69,2,1200.0
22278,ORD0221,79,2,1200.0
22279,ORD0221,89,2,1200.0
22280,ORD0221,99,2,1200.0
22281,ORD0221,109,2,1200.0
22282,ORD0221,119,2,1200.0
22283,ORD0221,129,2,1200.0
22284,ORD0221,139,2,1200.0
22285,ORD0221,149,2,1200.0
22286,ORD0221,159,2,1200.0
22287,ORD0222,9,2,1200.0
22288,ORD0222,19,2,1200.0
22289,ORD0222,29,2,1200.0
22290,ORD0222,39,2,1200.0
22291,ORD0222,49,2,1200.0
22292,ORD0222,59,2,1200.0
22293,ORD0222,69,2,1200.0
22294,ORD0222,79,2,1200.0
22295,ORD0222,89,2,1200.0
22296,ORD0222,99,2,1200.0
22297,ORD0222,109,2,1200.0
22298,ORD0222,119,2,1200.0
22299,ORD0222,129,2,1200.0
22300,ORD0222,139,2,1200.0
22301,ORD0222,149,2,1200.0
22302,ORD0222,159,2,1200.0
22303,ORD0223,7,2,80.0
22304,ORD0223,17,2,80.0
22305,ORD0223,27,2,80.0
22306,ORD0223,37,2,80.0
22307,ORD0223,47,2,80.0
22308,ORD0223,57,2,80.0
22309,ORD0223,67,2,80.0
22310,ORD0223,77,2,80.0
22311,ORD0223,87,2,80.0
22312,ORD0223,97,2,80.0
22313,ORD0223,107,2,80.0
22314,ORD0223,117,2,80.0
22315,ORD0223,127,2,80.0
22316,ORD0223,137,2,80.0
22317,ORD0223,147,2,80.0
22318,ORD0223,157,2,80.0
22319,ORD0224,10,1,1200.0
22320,ORD0224,20,1,1200.0
22321,ORD0224,30,1,1200.0
22322,ORD0224,40,1,1200.0
22323,ORD0224,50,1,1200.0
22324,ORD0224,60,1,1200.0
22325,ORD0224,70,1,1200.0
22326,ORD0224,80,1,1200.0
22327,ORD0224,90,1,1200.0
22328,ORD0224,100,1,1200.0
22329,ORD0224,110,1,1200.0
22330,ORD0224,120,1,1200.0
22331,ORD0224,130,1,1200.0
22332,ORD0224,140,1,1200.0
22333,ORD0224,150,1,1200.0
22334,ORD0224,160,1,1200.0
22335,ORD0225,7,1,40.0
22336,ORD0225,17,1,40.0
22337,ORD0225,27,1,40.0
22338,ORD0225,37,1,40.0
22339,ORD0225,47,1,40.0
22340,ORD0225,57,1,40.0
22341,ORD0225,67,1,40.0
22342,ORD0225,77,1,40.0
22343,ORD0225,87,1,40.0
22344,ORD0225,97,1,40.0
22345,ORD0225,107,1,40.0
22346,ORD0225,117,1,40.0
22347,ORD0225,127,1,40.0
22348,ORD0225,137,1,40.0
22349,ORD0225,147,1,40.0
22350,ORD0225,157,1,40.0
22351,ORD0226,1,4,240.0
22352,ORD0226,11,4,240.0
22353,ORD0226,21,4,240.0
22354,ORD0226,31,4,240.0
22355,ORD0226,41,4,240.0
22356,ORD0226,51,4,240.0
22357,ORD0226,61,4,240.0
22358,ORD0226,71,4,240.0
22359,ORD0226,81,4,240.0
22360,ORD0226,91,4,240.0
22361,ORD0226,101,4,240.0
22362,ORD0226,111,4,240.0
22363,ORD0226,121,4,240.0
22364,ORD0226,131,4,240.0
22365,ORD0226,141,4,240.0
22366,ORD0226,151,4,240.0
22367,ORD0227,2,5,500.0
22368,ORD0227,12,5,500.0
22369,ORD0227,22,5,500.0
22370,ORD0227,32,5,500.0
22371,ORD0227,42,5,500.0
22372,ORD0227,52,5,500.0
22373,ORD0227,62,5,500.0
22374,ORD0227,72,5,500.0
22375,ORD0227,82,5,500.0
22376,ORD0227,92,5,500.0
22377,ORD0227,102,5,500.0
22378,ORD0227,112,5,500.0
22379,ORD0227,122,5,500.0
22380,ORD0227,132,5,500.0
22381,ORD0227,142,5,500.0
22382,ORD0227,152,5,500.0
22383,ORD0228,1,1,60.0
22384,ORD0228,11,1,60.0
22385,ORD0228,21,1,60.0
22386,ORD0228,31,1,60.0
22387,ORD0228,41,1,60.0
22388,ORD0228,51,1,60.0
22389,ORD0228,61,1,60.0
22390,ORD0228,71,1,60.0
22391,ORD0228,81,1,60.0
22392,ORD0228,91,1,60.0
22393,ORD0228,101,1,60.0
22394,ORD0228,111,1,60.0
22395,ORD0228,121,1,60.0
22396,ORD0228,131,1,60.0
22397,ORD0228,141,1,60.0
22398,ORD0228,151,1,60.0
22399,ORD0229,1,3,180.0
22400,ORD0229,11,3,180.0
22401,ORD0229,21,3,180.0
22402,ORD0229,31,3,180.0
22403,ORD0229,41,3,180.0
22404,ORD0229,51,3,180.0
22405,ORD0229,61,3,180.0
22406,ORD0229,71,3,180.0
22407,ORD0229,81,3,180.0
22408,ORD0229,91,3,180.0
22409,ORD0229,101,3,180.0
22410,ORD0229,111,3,180.0
22411,ORD0229,121,3,180.0
22412,ORD0229,131,3,180.0
22413,ORD0229,141,3,180.0
22414,ORD0229,151,3,180.0
22415,ORD0230,2,4,400.0
22416,ORD0230,12,4,400.0
22417,ORD0230,22,4,400.0
22418,ORD0230,32,4,400.0
22419,ORD0230,42,4,400.0
22420,ORD0230,52,4,400.0
22421,ORD0230,62,4,400.0
22422,ORD0230,72,4,400.0
22423,ORD0230,82,4,400.0
22424,ORD0230,92,4,400.0
22425,ORD0230,102,4,400.0
22426,ORD0230,112,4,400.0
22427,ORD0230,122,4,400.0
22428,ORD0230,132,4,400.0
22429,ORD0230,142,4,400.0
22430,ORD0230,152,4,400.0
22431,ORD0231,8,5,4000.0
22432,ORD0231,18,5,4000.0
22433,ORD0231,28,5,4000.0
22434,ORD0231,38,5,4000.0
22435,ORD0231,48,5,4000.0
22436,ORD0231,58,5,4000.0
22437,ORD0231,68,5,4000.0
22438,ORD0231,78,5,4000.0
22439,ORD0231,88,5,4000.0
22440,ORD0231,98,5,4000.0
22441,ORD0231,108,5,4000.0
22442,ORD0231,118,5,4000.0
22443,ORD0231,128,5,4000.0
22444,ORD0231,138,5,4000.0
22445,ORD0231,148,5,4000.0
22446,ORD0231,158,5,4000.0
22447,ORD0232,10,3,3600.0
22448,ORD0232,20,3,3600.0
22449,ORD0232,30,3,3600.0
22450,ORD0232,40,3,3600.0
22451,ORD0232,50,3,3600.0
22452,ORD0232,60,3,3600.0
22453,ORD0232,70,3,3600.0
22454,ORD0232,80,3,3600.0
22455,ORD0232,90,3,3600.0
22456,ORD0232,100,3,3600.0
22457,ORD0232,110,3,3600.0
22458,ORD0232,120,3,3600.0
22459,ORD0232,130,3,3600.0
22460,ORD0232,140,3,3600.0
22461,ORD0232,150,3,3600.0
22462,ORD0232,160,3,3600.0
22463,ORD0233,1,1,60.0
22464,ORD0233,11,1,60.0
22465,ORD0233,21,1,60.0
22466,ORD0233,31,1,60.0
22467,ORD0233,41,1,60.0
22468,ORD0233,51,1,60.0
22469,ORD0233,61,1,60.0
22470,ORD0233,71,1,60.0
22471,ORD0233,81,1,60.0
22472,ORD0233,91,1,60.0
22473,ORD0233,101,1,60.0
22474,ORD0233,111,1,60.0
22475,ORD0233,121,1,60.0
22476,ORD0233,131,1,60.0
22477,ORD0233,141,1,60.0
22478,ORD0233,151,1,60.0
22479,ORD0234,6,1,15.0
22480,ORD0234,16,1,15.0
22481,ORD0234,26,1,15.0
22482,ORD0234,36,1,15.0
22483,ORD0234,46,1,15.0
22484,ORD0234,56,1,15.0
22485,ORD0234,66,1,15.0
22486,ORD0234,76,1,15.0
22487,ORD0234,86,1,15.0
22488,ORD0234,96,1,15.0
22489,ORD0234,106,1,15.0
22490,ORD0234,116,1,15.0
22491,ORD0234,126,1,15.0
22492,ORD0234,136,1,15.0
22493,ORD0234,146,1,15.0
22494,ORD0234,156,1,15.0
22495,ORD0235,10,1,1200.0
22496,ORD0235,20,1,1200.0
22497,ORD0235,30,1,1200.0
22498,ORD0235,40,1,1200.0
22499,ORD0235,50,1,1200.0
22500,ORD0235,60,1,1200.0
22501,ORD0235,70,1,1200.0
22502,ORD0235,80,1,1200.0
22503,ORD0235,90,1,1200.0
22504,ORD0235,100,1,1200.0
22505,ORD0235,110,1,1200.0
22506,ORD0235,120,1,1200.0
22507,ORD0235,130,1,1200.0
22508,ORD0235,140,1,1200.0
22509,ORD0235,150,1,1200.0
22510,ORD0235,160,1,1200.0
22511,ORD0236,5,5,2500.0
22512,ORD0236,15,5,2500.0
22513,ORD0236,25,5,2500.0
22514,ORD0236,35,5,2500.0
22515,ORD0236,45,5,2500.0
22516,ORD0236,55,5,2500.0
22517,ORD0236,65,5,2500.0
22518,ORD0236,75,5,2500.0
22519,ORD0236,85,5,2500.0
22520,ORD0236,95,5,2500.0
22521,ORD0236,105,5,2500.0
22522,ORD0236,115,5,2500.0
22523,ORD0236,125,5,2500.0
22524,ORD0236,135,5,2500.0
22525,ORD0236,145,5,2500.0
22526,ORD0236,155,5,2500.0
22527,ORD0237,2,3,300.0
22528,ORD0237,12,3,300.0
22529,ORD0237,22,3,300.0
22530,ORD0237,32,3,300.0
22531,ORD0237,42,3,300.0
22532,ORD0237,52,3,300.0
22533,ORD0237,62,3,300.0
22534,ORD0237,72,3,300.0
22535,ORD0237,82,3,300.0
22536,ORD0237,92,3,300.0
22537,ORD0237,102,3,300.0
22538,ORD0237,112,3,300.0
22539,ORD0237,122,3,300.0
22540,ORD0237,132,3,300.0
22541,ORD0237,142,3,300.0
22542,ORD0237,152,3,300.0
22543,ORD0238,2,1,100.0
22544,ORD0238,12,1,100.0
22545,ORD0238,22,1,100.0
22546,ORD0238,32,1,100.0
22547,ORD0238,42,1,100.0
22548,ORD0238,52,1,100.0
22549,ORD0238,62,1,100.0
22550,ORD0238,72,1,100.0
22551,ORD0238,82,1,100.0
22552,ORD0238,92,1,100.0
22553,ORD0238,102,1,100.0
22554,ORD0238,112,1,100.0
22555,ORD0238,122,1,100.0
22556,ORD0238,132,1,100.0
22557,ORD0238,142,1,100.0
22558,ORD0238,152,1,100.0
22559,ORD0239,3,5,750.0
22560,ORD0239,13,5,750.0
22561,ORD0239,23,5,750.0
22562,ORD0239,33,5,750.0
22563,ORD0239,43,5,750.0
22564,ORD0239,53,5,750.0
22565,ORD0239,63,5,750.0
22566,ORD0239,73,5,750.0
22567,ORD0239,83,5,750.0
22568,ORD0239,93,5,750.0
22569,ORD0239,103,5,750.0
22570,ORD0239,113,5,750.0
22571,ORD0239,123,5,750.0
22572,ORD0239,133,5,750.0
22573,ORD0239,143,5,750.0
22574,ORD0239,153,5,750.0
22575,ORD0240,3,1,150.0
22576,ORD0240,13,1,150.0
22577,ORD0240,23,1,150.0
22578,ORD0240,33,1,150.0
22579,ORD0240,43,1,150.0
22580,ORD0240,53,1,150.0
22581,ORD0240,63,1,150.0
22582,ORD0240,73,1,150.0
22583,ORD0240,83,1,150.0
22584,ORD0240,93,1,150.0
22585,ORD0240,103,1,150.0
22586,ORD0240,113,1,150.0
22587,ORD0240,123,1,150.0
22588,ORD0240,133,1,150.0
22589,ORD0240,143,1,150.0
22590,ORD0240,153,1,150.0
22591,ORD0241,5,4,2000.0
22592,ORD0241,15,4,2000.0
22593,ORD0241,25,4,2000.0
22594,ORD0241,35,4,2000.0
22595,ORD0241,45,4,2000.0
22596,ORD0241,55,4,2000.0
22597,ORD0241,65,4,2000.0
22598,ORD0241,75,4,2000.0
22599,ORD0241,85,4,2000.0
22600,ORD0241,95,4,2000.0
22601,ORD0241,105,4,2000.0
22602,ORD0241,115,4,2000.0
22603,ORD0241,125,4,2000.0
22604,ORD0241,135,4,2000.0
22605,ORD0241,145,4,2000.0
22606,ORD0241,155,4,2000.0
22607,ORD0242,5,4,2000.0
22608,ORD0242,15,4,2000.0
22609,ORD0242,25,4,2000.0
22610,ORD0242,35,4,2000.0
22611,ORD0242,45,4,2000.0
22612,ORD0242,55,4,2000.0
22613,ORD0242,65,4,2000.0
22614,ORD0242,75,4,2000.0
22615,ORD0242,85,4,2000.0
22616,ORD0242,95,4,2000.0
22617,ORD0242,105,4,2000.0
22618,ORD0242,115,4,2000.0
22619,ORD0242,125,4,2000.0
22620,ORD0242,135,4,2000.0
22621,ORD0242,145,4,2000.0
22622,ORD0242,155,4,2000.0
22623,ORD0243,1,2,120.0
22624,ORD0243,11,2,120.0
22625,ORD0243,21,2,120.0
22626,ORD0243,31,2,120.0
22627,ORD0243,41,2,120.0
22628,ORD0243,51,2,120.0
22629,ORD0243,61,2,120.0
22630,ORD0243,71,2,120.0
22631,ORD0243,81,2,120.0
22632,ORD0243,91,2,120.0
22633,ORD0243,101,2,120.0
22634,ORD0243,111,2,120.0
22635,ORD0243,121,2,120.0
22636,ORD0243,131,2,120.0
22637,ORD0243,141,2,120.0
22638,ORD0243,151,2,120.0
22639,ORD0244,5,4,2000.0
22640,ORD0244,15,4,2000.0
22641,ORD0244,25,4,2000.0
22642,ORD0244,35,4,2000.0
22643,ORD0244,45,4,2000.0
22644,ORD0244,55,4,2000.0
22645,ORD0244,65,4,2000.0
22646,ORD0244,75,4,2000.0
22647,ORD0244,85,4,2000.0
22648,ORD0244,95,4,2000.0
22649,ORD0244,105,4,2000.0
22650,ORD0244,115,4,2000.0
22651,ORD0244,125,4,2000.0
22652,ORD0244,135,4,2000.0
22653,ORD0244,145,4,2000.0
22654,ORD0244,155,4,2000.0
22655,ORD0245,8,1,800.0
22656,ORD0245,18,1,800.0
22657,ORD0245,28,1,800.0
22658,ORD0245,38,1,800.0
22659,ORD0245,48,1,800.0
22660,ORD0245,58,1,800.0
22661,ORD0245,68,1,800.0
22662,ORD0245,78,1,800.0
22663,ORD0245,88,1,800.0
22664,ORD0245,98,1,800.0
22665,ORD0245,108,1,800.0
22666,ORD0245,118,1,800.0
22667,ORD0245,128,1,800.0
22668,ORD0245,138,1,800.0
22669,ORD0245,148,1,800.0
22670,ORD0245,158,1,800.0
22671,ORD0246,4,2,40.0
22672,ORD0246,14,2,40.0
22673,ORD0246,24,2,40.0
22674,ORD0246,34,2,40.0
22675,ORD0246,44,2,40.0
22676,ORD0246,54,2,40.0
22677,ORD0246,64,2,40.0
22678,ORD0246,74,2,40.0
22679,ORD0246,84,2,40.0
22680,ORD0246,94,2,40.0
22681,ORD0246,104,2,40.0
22682,ORD0246,114,2,40.0
22683,ORD0246,124,2,40.0
22684,ORD0246,134,2,40.0
22685,ORD0246,144,2,40.0
22686,ORD0246,154,2,40.0
22687,ORD0247,7,1,40.0
22688,ORD0247,17,1,40.0
22689,ORD0247,27,1,40.0
22690,ORD0247,37,1,40.0
22691,ORD0247,47,1,40.0
22692,ORD0247,57,1,40.0
22693,ORD0247,67,1,40.0
22694,ORD0247,77,1,40.0
22695,ORD0247,87,1,40.0
22696,ORD0247,97,1,40.0
22697,ORD0247,107,1,40.0
22698,ORD0247,117,1,40.0
22699,ORD0247,127,1,40.0
22700,ORD0247,137,1,40.0
22701,ORD0247,147,1,40.0
22702,ORD0247,157,1,40.0
22703,ORD0248,4,2,40.0
22704,ORD0248,14,2,40.0
22705,ORD0248,24,2,40.0
22706,ORD0248,34,2,40.0
22707,ORD0248,44,2,40.0
22708,ORD0248,54,2,40.0
22709,ORD0248,64,2,40.0
22710,ORD0248,74,2,40.0
22711,ORD0248,84,2,40.0
22712,ORD0248,94,2,40.0
22713,ORD0248,104,2,40.0
22714,ORD0248,114,2,40.0
22715,ORD0248,124,2,40.0
22716,ORD0248,134,2,40.0
22717,ORD0248,144,2,40.0
22718,ORD0248,154,2,40.0
22719,ORD0249,3,3,450.0
22720,ORD0249,13,3,450.0
22721,ORD0249,23,3,450.0
22722,ORD0249,33,3,450.0
22723,ORD0249,43,3,450.0
22724,ORD0249,53,3,450.0
22725,ORD0249,63,3,450.0
22726,ORD0249,73,3,450.0
22727,ORD0249,83,3,450.0
22728,ORD0249,93,3,450.0
22729,ORD0249,103,3,450.0
22730,ORD0249,113,3,450.0
22731,ORD0249,123,3,450.0
22732,ORD0249,133,3,450.0
22733,ORD0249,143,3,450.0
22734,ORD0249,153,3,450.0
22735,ORD0250,5,4,2000.0
22736,ORD0250,15,4,2000.0
22737,ORD0250,25,4,2000.0
22738,ORD0250,35,4,2000.0
22739,ORD0250,45,4,2000.0
22740,ORD0250,55,4,2000.0
22741,ORD0250,65,4,2000.0
22742,ORD0250,75,4,2000.0
22743,ORD0250,85,4,2000.0
22744,ORD0250,95,4,2000.0
22745,ORD0250,105,4,2000.0
22746,ORD0250,115,4,2000.0
22747,ORD0250,125,4,2000.0
22748,ORD0250,135,4,2000.0
22749,ORD0250,145,4,2000.0
22750,ORD0250,155,4,2000.0
